,market_proxy,market_sma10_rf_5bps,market_absolute12_rf_5bps,market_sma10_delay2_volNone,market_sma10_delay1_vol0.1,market_absolute12_delay2_volNone,market_absolute12_delay1_vol0.1,long_momentum_drag0.015,long_losers_diagnostic_drag0.015,small_momentum_diagnostic_drag0.015,long_quality_drag0.005,low_quality_diagnostic_drag0.005,long_value_drag0.005,joint_value_quality_drag0.005,SPY_hold,SPY_sma210_rf_5bps,SPY_absolute252_rf_5bps,SPY_dual_volNone_delay1,SPY_sma_vol0.1_delay1,SPY_sma_volNone_delay2,SPY_AGG_hold,SPY_AGG_sma210_rf_5bps,SPY_AGG_absolute252_rf_5bps,SPY_AGG_dual_volNone_delay1,SPY_AGG_sma_vol0.1_delay1,SPY_AGG_sma_volNone_delay2,stocks_equal_weight,stocks_mom252_n20_monthly_liq5e+07_15bps,stocks_buffer1.5,stocks_sector30,stocks_delay2,mix_trend_momentum,mix_momentum_quality,mix_trend_momentum_quality,mix_trend_momentum_value
1964-01-31,0.02531451081,0.02531451081,0.02531451081,0.02531451081,0.02531451081,0.02531451081,0.02531451081,0.02830406614,0.002836162406,0.01432168762,0.02541258357,0.02127031421,0.02558950965,0.04972192715,,,,,,,,,,,,,,,,,,0.02680854109,0.02685760199,0.02634306673,0.02640206175
1964-02-29,0.01801511942,0.01801511942,0.01801511942,0.01801511942,0.01801511942,0.01801511942,0.01801511942,0.01571992547,0.01132546365,0.0294026816,0.02136527454,0.02103441277,0.04404979696,0.09817568322,,,,,,,,,,,,,,,,,,0.01686694865,0.01854118867,0.01836577364,0.02592224011
1964-03-31,0.01711519446,0.01711519446,0.01711519446,0.01711519446,0.01711519446,0.01711519446,0.01711519446,0.01591967374,0.01252395324,0.03629399673,0.01658527162,0.03226572034,0.02917801038,0.07908415964,,,,,,,,,,,,,,,,,,0.01651713522,0.01625230628,0.01653983981,0.02073481273
1964-04-30,0.003816303299,0.003816303299,0.003816303299,0.003816303299,0.003816303299,0.003816303299,0.003816303299,0.0007388056277,0.01012697406,-0.006052635369,-0.00349833747,0.0216111718,-0.01034747591,-0.04209496184,,,,,,,,,,,,,,,,,,0.002276785089,-0.001380825207,0.0003509736205,-0.001933594556
1964-05-31,0.01661523614,0.01661523614,0.01661523614,0.01661523614,0.01661523614,0.01661523614,0.01661523614,0.02950255573,0.001038428025,0.02221174407,0.01976294399,0.01779276713,0.04019440774,0.03603314631,,,,,,,,,,,,,,,,,,0.02305567411,0.02463031496,0.02195773118,0.02876668137
1964-06-30,0.01561531951,0.01561531951,0.01561531951,0.01561531951,0.01561531951,0.01561531951,0.01561531951,0.01601954787,0.01222433084,0.0130233239,0.005697820384,0.0172839797,0.02275569362,0.008906729704,,,,,,,,,,,,,,,,,,0.01581733263,0.01085610369,0.01244198045,0.01812864517
1964-07-31,0.02031492767,0.02031492767,0.02031492767,0.02031492767,0.02031492767,0.02031492767,0.02031492767,0.02001451316,0.02620670936,0.022910863,0.02466489596,0.01701309287,0.0232105036,0.02877842733,,,,,,,,,,,,,,,,,,0.02016464531,0.02233854196,0.02166377889,0.02117930464
1964-08-31,-0.01168240444,-0.01168240444,-0.01168240444,-0.01168240444,-0.01168240444,-0.01168240444,-0.01168240444,-0.01394269182,-0.004854145781,-0.01004760066,-0.01289641096,-0.01182285949,-0.01459869975,-0.04324348199,,,,,,,,,,,,,,,,,,-0.0128131132,-0.01341981296,-0.01284088844,-0.01340850718
1964-09-30,0.02961415231,0.02961415231,0.02961415231,0.02961415231,0.02961415231,0.02961415231,0.02961415231,0.03379714342,0.03609424846,0.0352952554,0.03311936369,0.04463255349,0.05511417428,0.03188612893,,,,,,,,,,,,,,,,,,0.03170460212,0.03345808411,0.03217603223,0.03950328811
1964-10-31,0.008815886441,0.008815886441,0.008815886441,0.008815886441,0.008815886441,0.008815886441,0.008815886441,0.005233141581,0.01542030308,0.01941526837,-0.0001627310835,0.01927514779,0.01374046018,0.02092295933,,,,,,,,,,,,,,,,,,0.007023618325,0.002533856281,0.004627168481,0.0092616703
1964-11-30,0.002716395007,0.002716395007,0.002716395007,0.002716395007,0.002716395007,0.002716395007,0.002716395007,0.01092596712,-0.001458425283,-0.0030564114,0.003644678184,0.005710814954,-0.03733520046,-0.02297145162,,,,,,,,,,,,,,,,,,0.006819128672,0.007283502331,0.005760625565,-0.007907425306
1964-12-31,0.003416336647,0.003416336647,0.003416336647,0.003416336647,0.003416336647,0.003416336647,0.003416336647,-0.0008591804891,0.01402206522,-0.01334344703,0.009954042138,-0.007989461083,-0.01995646128,-0.01252481622,,,,,,,,,,,,,,,,,,0.0012775092,0.004544727519,0.004168471551,-0.005804487272
1965-01-31,0.03811344365,0.03811344365,0.03811344365,0.03811344365,0.03811344365,0.03811344365,0.03811344365,0.02370985606,0.0355948778,0.05836617996,0.05265919996,0.0416258097,0.0453122695,0.0625255778,,,,,,,,,,,,,,,,,,0.03090804896,0.03817729067,0.03815600044,0.03570785574
1965-02-28,0.007316011498,0.007316011498,0.007316011498,0.007316011498,0.007316011498,0.007316011498,0.007316011498,0.005233141581,0.01362256869,0.04028896202,0.008920473962,0.007759958824,0.001452594035,0.01821708984,,,,,,,,,,,,,,,,,,0.006274055822,0.007075885938,0.007155901214,0.004666177487
1965-03-31,-0.009882554511,-0.009882554511,-0.009882554511,-0.009882554511,-0.009882554511,-0.009882554511,-0.009882554511,-0.006951502559,-0.01224483157,0.01382231696,-0.013121317,-0.01079229006,0.003143887414,0.004412607344,,,,,,,,,,,,,,,,,,-0.008417761298,-0.01003795223,-0.009986170087,-0.004565958978
1965-04-30,0.03411377714,0.03411377714,0.03411377714,0.03411377714,0.03411377714,0.03411377714,0.03411377714,0.05596920079,0.02331035953,0.05237373203,0.04361797738,0.02990570635,0.02870021001,0.0448359685,,,,,,,,,,,,,,,,,,0.04503602511,0.04979050128,0.04456318436,0.03958893771
1965-05-31,-0.004782979706,-0.004782979706,-0.004782979706,-0.004782979706,-0.004782979706,-0.004782979706,-0.004782979706,0.0006389314954,-0.002157544209,-0.007450873221,-0.008431276493,0.006560459974,-0.02321709899,-0.02013388715,,,,,,,,,,,,,,,,,,-0.002073379583,-0.003898440051,-0.004193385137,-0.009125081306
1965-06-30,-0.05167906958,-0.05167906958,-0.05167906958,-0.05167906958,-0.05167906958,-0.05167906958,-0.05167906958,-0.07856125542,-0.03651424572,-0.1043287815,-0.05327254185,-0.05760573145,-0.04935817727,-0.06101780589,,,,,,,,,,,,,,,,,,-0.06512688305,-0.06592322081,-0.06117675238,-0.05987239912
1965-07-31,0.01741516945,0.01690646186,0.01741516945,0.01741516945,0.01690646186,0.01741516945,0.01741516945,0.05027637525,0.0009385538923,0.04787939607,0.01617444326,0.03617408743,0.0409001129,0.04300448369,,,,,,,,,,,,,,,,,,0.03358307608,0.03321688377,0.02777826325,0.03602127627
1965-08-31,0.03051407728,0.0033,0.03051407728,0.02999882024,0.0033,0.03051407728,0.03051407728,0.0516746131,0.02071363209,0.06695535534,0.04251044011,0.01646332257,0.02473586631,0.03565155574,,,,,,,,,,,,,,,,,,0.0274752129,0.04709023556,0.03248528606,0.02656179165
1965-09-30,0.03161398557,0.00259870065,0.03161398557,0.0031,0.00259870065,0.03161398557,0.03161398557,0.0544710888,0.0195151425,0.04897801153,0.03911685794,0.03964463743,0.0355233593,0.03431286504,,,,,,,,,,,,,,,,,,0.02852192663,0.04679013481,0.03205239463,0.03085496102
1965-10-31,0.02901420234,0.02901420234,0.02901420234,0.00259870065,0.02901420234,0.02901420234,0.02901420234,0.05367209575,0.01152521192,0.07184918782,0.04509436055,0.02241683519,0.05445444991,0.05786827362,,,,,,,,,,,,,,,,,,0.04133698457,0.04938108371,0.04258902643,0.0457080162
1965-11-30,0.003116361659,0.003116361659,0.003116361659,0.003116361659,0.003116361659,0.003116361659,0.003116361659,0.03209928317,-0.005852887104,0.06136240393,0.005139053836,0.006121643311,-0.003488341646,0.01007449181,,,,,,,,,,,,,,,,,,0.01760057668,0.01861242845,0.01344535032,0.01056859322
1965-12-31,0.01331551127,0.01331551127,0.01331551127,0.01331551127,0.01331551127,0.01331551127,0.01331551127,0.01631917027,0.00952772927,0.03789198284,0.005230015832,0.01692912795,0.0403103593,0.02852778205,,,,,,,,,,,,,,,,,,0.01481658985,0.01077182076,0.01161943527,0.0233093485
1966-01-31,0.01091571136,0.01091571136,0.01091571136,0.01091571136,0.01091571136,0.01091571136,0.01091571136,0.05407159227,-0.01464181075,0.07913999948,0.01125649797,0.03222373788,0.04112501893,0.03303115054,,,,,,,,,,,,,,,,,,0.03248286285,0.03265334135,0.02540504821,0.0353626225
1966-02-28,-0.008682654557,-0.008682654557,-0.008682654557,-0.008682654557,-0.008682654557,-0.008682654557,-0.008682654557,0.02850381441,-0.02622721009,0.05157473897,-0.004974720639,-0.02049823493,-0.005898334754,0.01013421686,,,,,,,,,,,,,,,,,,0.009901283308,0.01175617725,0.004940961403,0.004632987408
1966-03-31,-0.02138159574,-0.02138159574,-0.02138159574,-0.02138159574,-0.02138159574,-0.02138159574,-0.02138159574,-0.0004596839599,-0.03012230125,-0.02113362935,-0.009890666761,-0.03302999917,-0.04051687116,-0.03316294363,,,,,,,,,,,,,,,,,,-0.01092587033,-0.005177533106,-0.01058091691,-0.02079282574
1966-04-30,0.02461456917,0.02461456917,0.02461456917,0.02461456917,0.02461456917,0.02461456917,0.02461456917,0.04558229103,0.01042659646,0.08453320263,0.02254278257,0.017493892,0.01501192896,0.01766781933,,,,,,,,,,,,,,,,,,0.03509318817,0.03405677692,0.03090832457,0.02839720327
1966-05-31,-0.05267898621,-0.05267898621,-0.05267898621,-0.05267898621,-0.05267898621,-0.05267898621,-0.05267898621,-0.07686339517,-0.03981009209,-0.122006503,-0.04783281457,-0.06061547398,-0.070948157,-0.08290491148,,,,,,,,,,,,,,,,,,-0.06477723679,-0.06235536251,-0.05913097809,-0.06683489652
1966-06-30,-0.01068248781,-0.01117714657,-0.01068248781,-0.01068248781,-0.01117714657,-0.01068248781,-0.01070139386,0.01801703052,-0.01983526563,0.008528987947,-0.01679478223,-0.01369207853,-0.002008959731,-0.006824447824,,,,,,,,,,,,,,,,,,0.003412643428,0.0006024211905,-0.003325411204,0.001604839164
1966-07-31,-0.0128823044,0.0035,-0.0128823044,-0.01337586324,0.0035,-0.0128823044,-0.01227562576,-0.01753816058,-0.007251124956,-0.02462922398,-0.01348216624,-0.01143302237,-0.01214172627,-0.03431221346,,,,,,,,,,,,,,,,,,-0.007024339832,-0.01551117741,-0.009177666754,-0.008730704494
1966-08-31,-0.07537709367,0.0041,-0.07537709367,0.0041,0.0041,-0.07537709367,-0.07537709367,-0.09124527022,-0.06637661128,-0.1155146844,-0.08157871556,-0.06470276632,-0.0745606477,-0.04306380705,,,,,,,,,,,,,,,,,,-0.04359647143,-0.08641440953,-0.05626144237,-0.05392130663
1966-09-30,-0.0066828213,0.004,-0.007179479889,0.004,0.004,-0.0066828213,-0.007179479889,-0.03062167191,-0.001558299415,-0.01983526563,-0.01667683151,0.009480240092,-0.005551479669,-0.03788022275,,,,,,,,,,,,,,,,,,-0.01331949137,-0.02365273792,-0.01443897875,-0.01073101629
1966-10-31,0.04301303513,0.0045,0.0045,0.0045,0.0045,0.04249152862,0.0045,-0.008849111073,0.06246101939,-0.03921084729,0.02128031003,0.08064650689,0.05155466144,0.01976519305,,,,,,,,,,,,,,,,,,-0.002177892814,0.006208067125,0.005638520795,0.01572324363
1966-11-30,0.01771514443,0.004,0.004,0.004,0.004,0.004,0.004,0.06415887964,-0.02003501389,0.07045094997,0.04538923735,-0.006387130535,-0.006218201114,-0.0144197745,,,,,,,,,,,,,,,,,,0.0340644001,0.05476936608,0.0378380892,0.02063238885
1966-12-31,0.005216186579,0.004,0.004,0.004,0.004,0.004,0.004,0.00213704348,0.0002394349662,0.03140016424,-0.001562146409,0.006901317564,-0.002063936761,-0.01772489363,,,,,,,,,,,,,,,,,,0.003068056001,0.0002865237379,0.001523936653,0.001356561693
1967-01-31,0.08570947517,0.0043,0.0043,0.0043,0.0043,0.0043,0.0043,0.0677543484,0.1349696394,0.1471542836,0.08392113875,0.07143435572,0.1258406248,0.1733632699,,,,,,,,,,,,,,,,,,0.03601131061,0.07583370188,0.05197593177,0.06594443608
1967-02-28,0.01121568635,0.003098450775,0.0036,0.0036,0.003255584161,0.0036,0.0036,0.02001451316,-0.01713866405,0.05377196988,0.02317151989,-0.002501753842,-0.009451850098,0.004202195254,,,,,,,,,,,,,,,,,,0.01155225295,0.02159222727,0.01542405137,0.00454855101
1967-03-31,0.04371297677,0.04371297677,0.0039,0.00339830085,0.03123063897,0.0039,0.0039,0.04118782921,0.03609424846,0.07594402725,0.04897473933,0.03581223861,0.05415257603,0.08360477093,,,,,,,,,,,,,,,,,,0.0424497717,0.04507933754,0.04462373192,0.04634852686
1967-04-30,0.04201311851,0.04201311851,0.002698650675,0.04201311851,0.02979657214,0.0032,0.002864845187,0.04867838913,0.06605648815,0.05596920079,0.06432632545,0.01733295923,0.03097825824,0.03163998177,,,,,,,,,,,,,,,,,,0.0453440875,0.05649844531,0.05166839312,0.04055339585
1967-05-31,-0.03998004503,-0.03998004503,-0.03998004503,-0.03998004503,-0.02563044362,0.0027986007,-0.02563044362,-0.03881135076,-0.05259398102,-0.01564055207,-0.05374834306,-0.03972920025,-0.02341401672,-0.0509275216,,,,,,,,,,,,,,,,,,-0.03939599007,-0.04628358116,-0.04418310243,-0.03407202232
1967-06-30,0.02681438575,0.02681438575,0.02681438575,0.02681438575,0.01845879306,0.02681438575,0.01845879306,0.04877826326,0.004434148523,0.1268798347,0.01847248314,0.02640217013,0.04585004482,0.04257766202,,,,,,,,,,,,,,,,,,0.03779083354,0.03361779676,0.03134923631,0.04047634244
1967-07-31,0.04891254324,0.04891254324,0.04891254324,0.04891254324,0.03409765579,0.04891254324,0.03409765579,0.05077574591,0.06755460014,0.08613118874,0.0515116794,0.02588838478,0.07098954156,0.1087997445,,,,,,,,,,,,,,,,,,0.04984367877,0.05114352867,0.0503994937,0.05688791126
1967-08-31,-0.00598287966,-0.00598287966,-0.00598287966,-0.00598287966,-0.003066815627,-0.00598287966,-0.003066815627,-0.01344332116,-0.008749236941,-0.01174546091,-0.009251933623,-0.005687422872,0.01239402272,0.003110401405,,,,,,,,,,,,,,,,,,-0.00971496552,-0.01134867524,-0.009560672795,-0.002348972061
1967-09-30,0.03411377714,0.03411377714,0.03411377714,0.03411377714,0.02383922066,0.03411377714,0.02383922066,0.04558229103,0.03169978664,0.06925246038,0.04377791056,0.03633402061,0.01120352011,0.03586696574,,,,,,,,,,,,,,,,,,0.03984516696,0.0446796497,0.04115564484,0.03029349731
1967-10-31,-0.02698112886,-0.02698112886,-0.02698112886,-0.02698112886,-0.02313246427,-0.02698112886,-0.02313246427,0.01562005134,-0.04090870754,-0.01803753124,-0.008138398857,-0.0352400758,-0.05562256002,-0.07261795936,,,,,,,,,,,,,,,,,,-0.005691189054,0.003734886629,-0.00650719875,-0.02234052849
1967-11-30,0.007216019835,0.007216019835,0.007216019835,0.007216019835,0.006846004914,0.007216019835,0.006846004914,0.01841652704,0.004434148523,0.00693100183,0.005106067617,-0.0002157089494,-0.001688093788,0.008549129109,,,,,,,,,,,,,,,,,,0.01281347331,0.01175796972,0.01024348139,0.007978006016
1967-12-31,0.03371381049,0.03371381049,0.03371381049,0.03371381049,0.02861479541,0.03371381049,0.02861479541,0.02960242986,0.02460872325,0.1110997218,0.02209496967,0.0230575675,0.03899790764,0.05734974026,,,,,,,,,,,,,,,,,,0.03165709233,0.0258468229,0.0284682782,0.03410308493
1968-01-31,-0.03638034516,-0.03638034516,-0.03638034516,-0.03638034516,-0.02942704969,-0.03638034516,-0.02942704969,-0.07636402451,-0.01204508331,0.001238176289,-0.06869909665,-0.009588792884,-0.01466867052,0.04043280814,,,,,,,,,,,,,,,,,,-0.05638218076,-0.07253347681,-0.06048918905,-0.04248231107
1968-02-29,-0.03358057861,-0.03358057861,-0.03358057861,-0.03358057861,-0.02722912674,-0.03358057861,-0.02722912674,-0.05319322581,-0.02672658075,-0.0769632693,-0.03005724118,-0.02991430091,-0.03286206933,-0.04638866793,,,,,,,,,,,,,,,,,,-0.04339180537,-0.0416310175,-0.03894843172,-0.03988306278
1968-03-31,0.005816136556,0.005313228487,0.005816136556,0.005816136556,0.005159594298,0.005816136556,0.005578217004,0.04538254276,-0.006651880162,-0.004754271649,0.02468588719,-0.003282427677,0.003264836882,-0.02628906553,,,,,,,,,,,,,,,,,,0.0253378683,0.03502904081,0.02512046771,0.01797773749
1968-04-30,0.09440874984,0.0043,0.09440874984,0.09386154546,0.0043,0.09440874984,0.0793049521,0.1266800865,0.07075057237,0.1713238236,0.1083109487,0.06207026803,0.1193553344,0.1522985707,,,,,,,,,,,,,,,,,,0.06545944821,0.1174909253,0.07973852383,0.08341875857
1968-05-31,0.0272143524,0.003998001,0.0272143524,0.0045,0.00414417634,0.0272143524,0.02441571631,0.04718027715,0.006531505301,0.109701484,0.02490879406,0.0107617047,0.04919464745,0.0576308728,,,,,,,,,,,,,,,,,,0.0255783435,0.03603896773,0.02535508476,0.03344782198
1968-06-30,0.01121568635,0.01121568635,0.01121568635,0.00379810095,0.00917528113,0.01121568635,0.00917528113,-0.004754271649,0.02740519895,0.001837421083,-0.005212621244,0.02448597071,-0.004809789547,0.006539968535,,,,,,,,,,,,,,,,,,0.003226714861,-0.004983561034,0.0004126646782,0.0005469866697
1968-07-31,-0.02218152904,-0.02218152904,-0.02218152904,-0.02218152904,-0.01575199817,-0.02218152904,-0.01575199817,-0.04380505738,-0.01833715364,-0.03201990977,-0.0433276968,-0.003597296125,0.002648094556,-0.019428182,,,,,,,,,,,,,,,,,,-0.03299869909,-0.04356649643,-0.03644284659,-0.02112075093
1968-08-31,0.01761515277,0.01761515277,0.01761515277,0.01761515277,0.01446339742,0.01761515277,0.01446339742,0.01781728225,0.01152521192,0.0519742355,0.01023192604,0.02469188468,0.02247481097,0.01485574421,,,,,,,,,,,,,,,,,,0.01771616698,0.01402270781,0.01521979051,0.01930135787
1968-09-30,0.0447128934,0.0447128934,0.0447128934,0.0447128934,0.03566255286,0.0447128934,0.03566255286,0.03479588474,0.05367209575,0.07634352378,0.0308273213,0.06262903458,0.04868286127,0.07830723424,,,,,,,,,,,,,,,,,,0.03975190982,0.03281061088,0.03677605508,0.04272790159
1968-10-31,0.008615903115,0.008615903115,0.008615903115,0.008615903115,0.007676694427,0.008615903115,0.007676694427,0.002336791744,0.02271111473,-0.001158802886,-0.007989461083,0.02249280346,0.03168596256,0.02378501357,,,,,,,,,,,,,,,,,,0.005474777652,-0.002828916232,0.0009847521904,0.01420706145
1968-11-30,0.05841175121,0.05841175121,0.05841175121,0.05841175121,0.04557374193,0.05841175121,0.04557374193,0.08183660105,0.05217398376,0.08343458717,0.05831883537,0.05117282097,0.05436048917,0.07178945736,,,,,,,,,,,,,,,,,,0.07011831992,0.07007183877,0.0661838467,0.06486395815
1968-12-31,-0.03508045355,-0.03508045355,-0.03508045355,-0.03508045355,-0.02731704411,-0.03508045355,-0.02731704411,-0.03951046969,-0.04630191068,-0.008050118015,-0.04772685884,-0.03358676655,-0.0349851823,-0.01973705295,,,,,,,,,,,,,,,,,,-0.03729656912,-0.04362071836,-0.04077491211,-0.03652636354
1969-01-31,-0.007282771277,-0.007282771277,-0.007282771277,-0.007282771277,-0.004236970611,-0.007282771277,-0.004236970611,-0.0160400486,-0.01444206248,-0.008649362808,-0.02024334142,-0.00389817042,0.003646677349,-0.01125834535,,,,,,,,,,,,,,,,,,-0.01166359926,-0.01814274583,-0.01452446686,-0.006562115973
1969-02-28,-0.05407886949,-0.05407886949,-0.05407886949,-0.05407886949,-0.03714995049,-0.05407886949,-0.03714995049,-0.07756251409,-0.03301865109,-0.09883570427,-0.03957026665,-0.05900814552,-0.05045771788,-0.078099919,,,,,,,,,,,,,,,,,,-0.0658265627,-0.05857588843,-0.05707738073,-0.06070532143
1969-03-31,0.03111402726,0.03059847024,0.03111402726,0.03111402726,0.02421296159,0.03111402726,0.02457406129,0.04837876673,0.02161249928,0.04638128409,0.03229870656,0.0482160563,0.02754469278,0.01668198121,,,,,,,,,,,,,,,,,,0.03948417341,0.04033471663,0.03708821892,0.03550301943
1969-04-30,0.01981496935,0.004797601199,0.01981496935,0.01930506187,0.004948202752,0.01981496935,0.01552735647,0.02900318507,0.02530784217,0.01222433084,0.02849129729,0.007309147173,0.0282354042,-0.03779450856,,,,,,,,,,,,,,,,,,0.01689434174,0.02874711321,0.02075870571,0.02067343645
1969-05-31,0.003816303299,0.003816303299,0.003816303299,0.004297851074,0.004021865783,0.003816303299,0.004021865783,0.01192470845,-0.01044709719,0.004034651994,-0.002552732543,0.00536395987,0.008565622219,-0.03081767348,,,,,,,,,,,,,,,,,,0.007868478771,0.004682368591,0.004393583528,0.008100782685
1969-06-30,-0.06687780233,-0.06687780233,-0.06687780233,-0.06687780233,-0.05811488967,-0.06687780233,-0.05811488967,-0.07985961914,-0.03092129431,-0.1239041115,-0.03008722866,-0.09703625741,-0.06877906324,-0.08296863485,,,,,,,,,,,,,,,,,,-0.07337195619,-0.05498586699,-0.05895116815,-0.07184150183
1969-07-31,-0.06477797741,-0.06524558842,-0.06524558842,-0.06477797741,-0.05766474882,-0.06477797741,-0.05766474882,-0.06318063904,-0.07107069549,-0.09833633361,-0.05120740467,-0.07935364519,-0.06094133784,-0.08226517876,,,,,,,,,,,,,,,,,,-0.06421362997,-0.05719701516,-0.05988076754,-0.06312324883
1969-08-31,0.05181230146,0.005,0.005,0.05128639531,0.005,0.05128639531,0.005,0.05876567649,0.03968971722,0.0801387408,0.05454441232,0.05429451673,0.02581841402,0.02886364172,,,,,,,,,,,,,,,,,,0.03186939683,0.05665398909,0.03942521737,0.02985172873
1969-09-30,-0.02358141232,0.0062,0.0062,0.0062,0.0062,0.0062,0.0062,-0.02303123786,-0.04720077788,-0.005553264707,-0.007638607669,-0.05546962391,-0.04799074858,-0.02091431109,,,,,,,,,,,,,,,,,,-0.008422926739,-0.01533877092,-0.008161573384,-0.02161659792
1969-10-31,0.05651190962,0.006,0.006,0.006,0.006,0.006,0.006,0.04528266863,0.08842829379,0.0677543484,0.05771708678,0.05071901057,0.03685980094,0.02887138849,,,,,,,,,,,,,,,,,,0.02563151365,0.0514967691,0.03632314072,0.02937302958
1969-11-30,-0.03288063697,0.0052,0.0052,0.0052,0.0052,0.0052,0.0052,-0.01653941926,-0.05029687598,-0.03671399398,-0.02415070893,-0.04806771643,-0.03580683901,-0.07504394578,,,,,,,,,,,,,,,,,,-0.005675144485,-0.02034696692,-0.01183571941,-0.01572239123
1969-12-31,-0.01998171246,0.0064,0.0064,0.0064,0.0064,0.0064,0.0064,0.004633896787,-0.05189486209,-0.042007323,-0.006408121765,-0.01707566488,-0.04380349801,-0.02595370564,,,,,,,,,,,,,,,,,,0.005516506868,-0.0008898729935,0.001539274992,-0.01093416051
1970-01-31,-0.07507711869,0.006,0.006,0.006,0.006,0.006,0.006,-0.06827421979,-0.1028306696,-0.06597711475,-0.08080204005,-0.0864766692,-0.05677008059,-0.05234417972,,,,,,,,,,,,,,,,,,-0.03115567845,-0.07454126188,-0.04770998398,-0.0396966606
1970-02-28,0.05751182625,0.0062,0.0062,0.0062,0.0062,0.0062,0.0062,0.05536995599,0.06226127112,0.04408417905,0.04169478089,0.08779452046,0.08057953487,0.03001690989,,,,,,,,,,,,,,,,,,0.03077268551,0.04852894965,0.03441217177,0.0473694359
1970-03-31,-0.004982963032,0.0057,0.0057,0.0057,0.0057,0.0057,0.0057,-0.01584030033,-0.01643954513,-0.03611474919,-0.009488834646,-0.001747069148,0.01051880618,-0.01521669155,,,,,,,,,,,,,,,,,,-0.005075535242,-0.01266615536,-0.006547126008,0.0001208464591
1970-04-30,-0.1049746259,0.005,0.005,0.005,0.005,0.005,0.005,-0.1025310472,-0.09144501848,-0.1916187732,-0.09853163265,-0.09105175773,-0.07563120043,-0.06985711284,,,,,,,,,,,,,,,,,,-0.04879240635,-0.1005323398,-0.06537767801,-0.05774165611
1970-05-31,-0.06377806078,0.0053,0.0053,0.0053,0.0053,0.0053,0.0053,-0.07176981442,-0.01793765711,-0.1027307954,-0.07415581684,-0.04090071079,-0.04243806849,-0.07467210114,,,,,,,,,,,,,,,,,,-0.03325417466,-0.07296341213,-0.04689260216,-0.03631649518
1970-06-30,-0.05227901956,0.0058,0.0058,0.0058,0.0058,0.0058,0.0058,-0.04410467977,-0.08185710178,-0.04010971448,-0.05168020713,-0.0413825095,-0.06983262307,-0.05251835695,,,,,,,,,,,,,,,,,,-0.01916481606,-0.04789433733,-0.03000689396,-0.0360597162
1970-07-31,0.0743104256,0.0052,0.0052,0.0052,0.0052,0.0052,0.0052,0.06166202633,0.1122982114,0.05876567649,0.05069102227,0.08503767227,0.07861235676,0.04260465074,,,,,,,,,,,,,,,,,,0.03341689766,0.05617378155,0.03917302142,0.04847703054
1970-08-31,0.05021243486,0.0053,0.0053,0.0053,0.0053,0.0053,0.0053,0.03419663995,0.0968177209,0.0294026816,0.05238931272,0.0479721582,0.05960029998,0.08968348125,,,,,,,,,,,,,,,,,,0.01974109581,0.04328842817,0.03062020801,0.0330230692
1970-09-30,0.04711269331,0.0054,0.0054,0.0054,0.0054,0.0054,0.0054,0.02151262515,0.09112489536,0.0835344613,0.05360380531,0.03911885711,0.03788937078,0.0875593687,,,,,,,,,,,,,,,,,,0.01345228442,0.03755019243,0.02682988849,0.02159523574
1970-10-31,-0.01818186253,0.004097951024,0.0046,0.0046,0.004363520429,0.0046,0.0046,-0.007350999088,-0.08265609484,-0.002457166606,-0.008711159558,-0.01907782837,-0.02928256484,-0.06549343598,,,,,,,,,,,,,,,,,,-0.00162938627,-0.008031419363,-0.003990764547,-0.01085135009
1970-11-30,0.05071239317,0.05071239317,0.0046,0.004097951024,0.02630704907,0.0046,0.0046,0.05826630583,0.04508292037,0.03409676582,0.05365978192,0.04988635845,0.06205027638,0.04676191384,,,,,,,,,,,,,,,,,,0.05448746102,0.05596189225,0.05421147582,0.05700755937
1970-12-31,0.06151149276,0.06151149276,0.0042,0.06151149276,0.03264844942,0.0042,0.0042,0.04348493425,0.07544465659,0.07874050295,0.05584087066,0.06071583391,0.05903853468,0.1184349689,,,,,,,,,,,,,,,,,,0.05249370687,0.04965981347,0.05360905673,0.05467458944
1971-01-31,0.05201228479,0.05201228479,0.0038,0.05201228479,0.02684612957,0.0038,0.0038,0.02790456961,0.1012121827,0.08852816792,0.03918083121,0.04559315215,0.05450842736,0.125287356,,,,,,,,,,,,,,,,,,0.03995240027,0.03353988135,0.03969512419,0.04480279263
1971-02-28,0.01731517778,0.01731517778,0.0027986007,0.01731517778,0.009707178893,0.0033,0.00305670424,0.02061375796,0.003335533067,0.04368468252,0.01983091559,0.01645232716,0.02006881619,0.04919939547,,,,,,,,,,,,,,,,,,0.01896364322,0.02022214106,0.01925263774,0.01933191151
1971-03-31,0.04411294343,0.04411294343,0.04411294343,0.04411294343,0.02294226063,0.002498750625,0.02294226063,0.03789198284,0.06395913137,0.05886555063,0.05075899387,0.03636200891,0.02017277276,0.03017209505,,,,,,,,,,,,,,,,,,0.04100090789,0.0443222716,0.04425247193,0.03405460419
1971-04-30,0.0342137688,0.0342137688,0.0342137688,0.0342137688,0.01846967246,0.0342137688,0.01846967246,0.05227385789,0.0389905983,0.03659361912,0.03628704024,0.04647278464,0.05168060882,0.02816668291,,,,,,,,,,,,,,,,,,0.04323929833,0.04427645236,0.04092110599,0.04605213107
1971-05-31,-0.0370802868,-0.0370802868,-0.0370802868,-0.0370802868,-0.01690666599,-0.0370802868,-0.01690666599,-0.03621462332,-0.03541563026,-0.04690115548,-0.03550796388,-0.05057766777,-0.04703314867,-0.04279966741,,,,,,,,,,,,,,,,,,-0.03664767148,-0.03586147027,-0.03626789556,-0.04011166086
1971-06-30,0.002716395007,0.002716395007,0.002716395007,0.002716395007,0.00303856021,0.002716395007,0.00303856021,0.01442156175,0.002236917612,0.005732512243,-0.0009693940604,-0.001916998152,-0.001069352298,-0.02334404595,,,,,,,,,,,,,,,,,,0.008566052088,0.006722236107,0.00538651022,0.005353179701
1971-07-31,-0.04097996166,-0.04097996166,-0.04097996166,-0.04097996166,-0.02779869179,-0.04097996166,-0.02779869179,-0.06607698888,-0.03002242712,-0.06038416334,-0.04224115076,-0.04437525913,-0.04915926038,-0.05792209927,,,,,,,,,,,,,,,,,,-0.05353474952,-0.05416502878,-0.04977147075,-0.05207673861
1971-08-31,0.04251307682,0.04251307682,0.04251307682,0.04251307682,0.03706206796,0.04251307682,0.03706206796,0.05626882319,0.02380973019,0.06345976071,0.04749435783,0.05302804586,0.08507165807,0.09288914193,,,,,,,,,,,,,,,,,,0.04938751107,0.05187939689,0.04875624925,0.06127659031
1971-09-30,-0.004982963032,-0.004982963032,-0.004982963032,-0.004982963032,-0.003135575828,-0.004982963032,-0.003135575828,-0.005453390575,-0.016339671,0.00603213464,0.002530143836,-0.0165578812,-0.02582201066,-0.01996220888,,,,,,,,,,,,,,,,,,-0.00521829441,-0.001463619253,-0.002637125106,-0.01209070005
1971-10-31,-0.040579995,-0.040579995,-0.040579995,-0.040579995,-0.03159139752,-0.040579995,-0.03159139752,-0.04979750532,-0.03571525266,-0.05459146367,-0.03256719253,-0.04589862267,-0.04286788891,-0.06697331768,,,,,,,,,,,,,,,,,,-0.04519105454,-0.0411866565,-0.04098450293,-0.04441692387
1971-11-30,-0.0009832965178,-0.00148280487,-0.0009832965178,-0.0009832965178,-0.0004586645385,-0.0009832965178,-8.342677397e-05,0.002236917612,-0.004454649252,-0.01983526563,0.01292480096,-0.01938969807,-0.01416188225,-0.01823193179,,,,,,,,,,,,,,,,,,0.0003761264407,0.007578187314,0.004556849512,-0.004472487378
1971-12-31,0.09070905831,0.0037,0.09070905831,0.09016370378,0.0037,0.09070905831,0.06899568949,0.0903259023,0.09042577643,0.1248823521,0.09274145363,0.1019266161,0.09384599216,0.1055168661,,,,,,,,,,,,,,,,,,0.04699129467,0.09153307408,0.06223626672,0.0626043235
1972-01-31,0.02751432739,0.0023988006,0.02751432739,0.0029,0.002549831864,0.02751432739,0.02207025247,0.02271111473,-0.001558299415,0.08463307676,0.03490561739,0.02550554473,0.05136873912,0.0756208566,,,,,,,,,,,,,,,,,,0.01254987959,0.02880531744,0.01999930878,0.02548425953
1972-02-29,0.03111402726,0.03111402726,0.03111402726,0.0019990005,0.02247793116,0.03111402726,0.02247793116,0.04648115822,0.01532042894,0.04198682227,0.04570410579,0.01638335598,0.00935729146,-0.002004711506,,,,,,,,,,,,,,,,,,0.03879375096,0.04609243774,0.04109643518,0.02897761669
1972-03-31,0.008815886441,0.008815886441,0.008815886441,0.008815886441,0.007130338597,0.008815886441,0.007130338597,0.02031413556,-0.01623979686,0.01032672233,0.0167791906,-0.007311744232,0.009025430111,0.001475084639,,,,,,,,,,,,,,,,,,0.01456213644,0.01854577934,0.01530090847,0.01271595215
1972-04-30,0.005716144893,0.005716144893,0.005716144893,0.005716144893,0.004910708967,0.005716144893,0.004910708967,0.01392219109,-0.002756789003,0.02341023366,0.008041841054,0.01671621691,0.01052780242,-0.01914679956,,,,,,,,,,,,,,,,,,0.00981711648,0.01098054598,0.009225160524,0.01005393306
1972-05-31,0.01581530284,0.01581530284,0.01581530284,0.01581530284,0.01249397159,0.01581530284,0.01249397159,0.03789198284,0.0005390573631,-0.01324357289,0.03512452593,0.001541556867,-0.01620402904,-0.03846222959,,,,,,,,,,,,,,,,,,0.02684812367,0.03650756252,0.02960600544,0.01249151717
1972-06-30,-0.0214815874,-0.0214815874,-0.0214815874,-0.0214815874,-0.01557818592,-0.0214815874,-0.01557818592,-0.01124609025,-0.03941059556,-0.03601487506,-0.006806955133,-0.04079475506,-0.06380614093,-0.03129047594,,,,,,,,,,,,,,,,,,-0.0163663977,-0.009027632474,-0.01318097872,-0.03218848226
1972-07-31,-0.004982963032,-0.004982963032,-0.004982963032,-0.004982963032,-0.003474904911,-0.004982963032,-0.003474904911,0.01232420497,-0.03221965803,-0.03571525266,0.01036487049,-0.03249022469,-0.01181586242,-0.01385176182,,,,,,,,,,,,,,,,,,0.003666294179,0.0113440479,0.005898409146,-0.001496145406
1972-08-31,0.03551366042,0.03551366042,0.03551366042,0.03551366042,0.02847408333,0.03551366042,0.02847408333,0.00603213464,0.08473295089,-0.002557040738,0.02438901122,0.05864469923,0.07239995229,0.0393972408,,,,,,,,,,,,,,,,,,0.02076552715,0.01520598371,0.02197295338,0.03797044311
1972-09-30,-0.00808270458,-0.00808270458,-0.00808270458,-0.00808270458,-0.006470046791,-0.00808270458,-0.006470046791,0.0004391832308,-0.02522846877,-0.02832456687,-0.004489923187,-0.01931972731,0.001811444108,-0.02380035531,,,,,,,,,,,,,,,,,,-0.003823891146,-0.002026602255,-0.004045976067,-0.001946071973
1972-10-31,0.00911586143,0.00911586143,0.00911586143,0.00911586143,0.008459855822,0.00911586143,0.008459855822,0.005333015713,0.004134526126,-0.01074671959,0.006337553104,0.009390277678,0.01594054098,0.004900153648,,,,,,,,,,,,,,,,,,0.00722349286,0.005835033274,0.006928081065,0.01012786913
1972-11-30,0.04961248488,0.04961248488,0.04961248488,0.04961248488,0.04349534429,0.04961248488,0.04349534429,0.01841652704,0.09741696569,0.04458354971,0.03273952239,0.07564659585,0.09636593933,0.07309541173,,,,,,,,,,,,,,,,,,0.03400670697,0.02557444397,0.03358417045,0.05478446121
1972-12-31,0.009815803069,0.009815803069,0.009815803069,0.009815803069,0.009774291505,0.009815803069,0.009774291505,0.02950255573,-0.02452934984,0.005432889846,0.02325548481,-0.01787533078,-0.006294169374,-0.02277103535,,,,,,,,,,,,,,,,,,0.01965425771,0.0263774585,0.02085426715,0.01100189831
1973-01-31,-0.02838101214,-0.02838101214,-0.02838101214,-0.02838101214,-0.02716893138,-0.02838101214,-0.02716893138,-0.01524105554,-0.08325533964,-0.05648907218,-0.01554730342,-0.03324590896,-0.01524642913,-0.02316761966,,,,,,,,,,,,,,,,,,-0.02181431883,-0.01539425604,-0.01972600966,-0.01962575166
1973-02-28,-0.04437967819,-0.04437967819,-0.04437967819,-0.04437967819,-0.04437967819,-0.04437967819,-0.04437967819,-0.03701361638,-0.09344250113,-0.09733759229,-0.03021417562,-0.05169420128,-0.04986496554,-0.06449710224,,,,,,,,,,,,,,,,,,-0.0406984888,-0.03361559586,-0.03720488246,-0.04375499975
1973-03-31,-0.008482671231,-0.008978429896,-0.008482671231,-0.008482671231,-0.008978429896,-0.008482671231,-0.008482671231,0.004633896787,-0.02383023092,-0.004554523384,-0.004723825462,0.001169712223,0.01216311919,-0.02263409257,,,,,,,,,,,,,,,,,,-0.002175669636,-4.730376813e-05,-0.003025338418,0.002602333818
1973-04-30,-0.05167906958,0.0052,-0.05167906958,-0.05215323005,0.0052,-0.05167906958,-0.05167906958,-0.03811223184,-0.1082238727,-0.05019700184,-0.05304663624,-0.04869045624,-0.0144597578,-0.04241582778,,,,,,,,,,,,,,,,,,-0.01646694398,-0.04558316764,-0.02866424034,-0.01579810373
1973-05-31,-0.02468132061,0.0051,-0.02516897995,0.0051,0.0051,-0.02468132061,-0.02516897995,-0.007550747353,-0.09314287873,-0.05399221887,-0.0106373548,-0.04378550553,-0.03396260953,-0.07030592532,,,,,,,,,,,,,,,,,,-0.001228536363,-0.009094822726,-0.00436585495,-0.01214506057
1973-06-30,-0.01068248781,0.0051,0.0051,0.0051,0.0051,-0.01117714657,0.0051,0.001637672818,-0.05079624664,-0.02033463629,-0.001760063719,-0.0176244356,-0.009264928194,-0.01159120628,,,,,,,,,,,,,,,,,,0.003367970827,-6.204488463e-05,0.001658056101,-0.0008452259618
1973-07-31,0.05671189294,0.0064,0.0064,0.0064,0.0064,0.0064,0.0064,0.02540771631,0.1487522697,0.06885296386,0.04640581262,0.07231498779,0.05005528787,0.06094998608,,,,,,,,,,,,,,,,,,0.01589910622,0.03590151494,0.0260643981,0.02728007885
1973-08-31,-0.03128077036,0.007,0.007,0.007,0.007,0.007,0.007,-0.02942318233,-0.05089612077,-0.02402997918,-0.03416352558,-0.01575421698,-0.01006559368,-0.05803855062,,,,,,,,,,,,,,,,,,-0.01122069696,-0.03179453904,-0.01887085672,-0.01083578986
1973-09-30,0.05411210971,0.0068,0.0068,0.0068,0.0068,0.0068,0.0068,0.02530784217,0.1404627167,0.09052565056,0.02393620041,0.07675213396,0.09072629557,0.1096116553,,,,,,,,,,,,,,,,,,0.01604929413,0.02462167838,0.01867738708,0.04092811872
1973-10-31,-0.001883221483,0.005997001499,0.0065,0.0065,0.006118878814,0.0065,0.0065,0.01212445671,-0.05379247061,0.02920293333,0.001742472924,-0.0001957173019,-0.00179804785,-0.0565651662,,,,,,,,,,,,,,,,,,0.009059197241,0.006930869321,0.006619475996,0.005438723725
1973-11-30,-0.1222731835,-0.1222731835,0.0056,0.005097451274,-0.0912906861,0.0056,0.0056,-0.09593935444,-0.2093963687,-0.1628550231,-0.1148298233,-0.1042352497,-0.1087783516,-0.1887694314,,,,,,,,,,,,,,,,,,-0.1091128525,-0.1053893115,-0.1110191453,-0.1090013886
1973-12-31,0.01221560298,0.01170949518,0.0064,0.01221560298,0.01043855555,0.0064,0.0064,0.0358945002,-0.04630191068,0.04458354971,-0.003921160815,0.04405079655,0.05865669422,-0.007707328957,,,,,,,,,,,,,,,,,,0.02379595144,0.01597671578,0.01455383367,0.03541232628
1974-01-31,0.004616236602,0.0063,0.0063,0.004113928483,0.0063,0.0063,0.0063,-0.02792507034,0.0584660541,0.0680539708,-0.01595213429,0.0101149749,0.04452659776,0.1059082026,,,,,,,,,,,,,,,,,,-0.01082109144,-0.02194159555,-0.01253201012,0.007621544886
1974-02-28,0.001116528402,0.0058,0.0058,0.0058,0.0058,0.0058,0.0058,0.006631379433,0.004833645052,-0.0003598098276,-0.0135921203,0.01245699641,0.02084849045,0.02947813499,,,,,,,,,,,,,,,,,,0.006215481872,-0.003485426307,-0.0003913153568,0.01109003823
1974-03-31,-0.02268148736,0.0056,0.0056,0.0056,0.0056,0.0056,0.0056,-0.03781260944,-0.03641437159,-0.01064684545,-0.01181986075,-0.06031160094,-0.02888972897,0.0107901928,,,,,,,,,,,,,,,,,,-0.01611715787,-0.02482273328,-0.01468520177,-0.02037610195
1974-04-30,-0.04537959482,0.0075,0.0075,0.0075,0.0075,0.0075,0.0075,-0.04330568672,-0.06048403747,-0.05109586904,-0.03187748069,-0.07308126579,-0.04324573105,-0.03344332648,,,,,,,,,,,,,,,,,,-0.01791554478,-0.03759444075,-0.02257107615,-0.02636175608
1974-05-31,-0.03958007838,0.0075,0.0075,0.0075,0.0075,0.0075,0.0075,-0.06547774409,-0.03981009209,-0.07616427624,-0.01668782691,-0.09863958754,-0.06241672142,-0.04410687126,,,,,,,,,,,,,,,,,,-0.02900711648,-0.04109498298,-0.02490205341,-0.04014736567
1974-06-30,-0.02248150403,0.006,0.006,0.006,0.006,0.006,0.006,-0.01733841232,-0.03162041324,-0.01783778298,-0.01657487411,-0.02969639195,-0.02547915391,-0.03485648606,,,,,,,,,,,,,,,,,,-0.005675040762,-0.0169568341,-0.009309530284,-0.01227861292
1974-07-31,-0.07367723541,0.007,0.007,0.007,0.007,0.007,0.007,-0.05029687598,-0.09034640303,-0.04400480564,-0.08908857795,-0.04500699519,-0.02835795115,-0.04818641683,,,,,,,,,,,,,,,,,,-0.02166276221,-0.06970242489,-0.04414552747,-0.02389523736
1974-08-31,-0.08797604319,0.006,0.006,0.006,0.006,0.006,0.006,-0.08115798286,-0.1080241244,-0.06447900276,-0.09008816032,-0.08916254704,-0.07201171265,-0.07282637228,,,,,,,,,,,,,,,,,,-0.03760078092,-0.08562530413,-0.05510240841,-0.04907491736
1974-09-30,-0.1098742174,0.0081,0.0081,0.0081,0.0081,0.0081,0.0081,-0.07866112955,-0.1362885039,-0.07886087781,-0.1430900162,-0.07975847606,-0.07217764332,-0.08073781689,,,,,,,,,,,,,,,,,,-0.03530225506,-0.1108916801,-0.0712434876,-0.04759815082
1974-10-31,0.1661027721,0.0051,0.0051,0.0051,0.0051,0.0051,0.0051,0.1809117403,0.2062797699,0.1053070221,0.1703780172,0.1789084531,0.07821352339,0.06135081861,,,,,,,,,,,,,,,,,,0.09296191721,0.1756422453,0.118758687,0.08804414234
1974-11-30,-0.03998004503,0.0054,0.0054,0.0054,0.0054,0.0054,0.0054,-0.02982267886,-0.04260656779,-0.03122091671,-0.05096450615,-0.004521909823,-0.03973019983,-0.07250400697,,,,,,,,,,,,,,,,,,-0.0122201451,-0.04039887796,-0.02513923802,-0.02139322099
1974-12-31,-0.02748108717,0.007,0.007,0.007,0.007,0.007,0.007,-0.01104634198,-0.04780002267,-0.05529058259,-0.03636160723,-0.03223832993,-0.02656569995,-0.04762165279,,,,,,,,,,,,,,,,,,-0.002027682577,-0.02371030342,-0.01347694717,-0.01020974865
1975-01-31,0.142404748,0.0058,0.0058,0.0058,0.0058,0.0058,0.0058,0.09771658809,0.2152684418,0.1962923567,0.1320630251,0.14562236,0.2123524803,0.2878839233,,,,,,,,,,,,,,,,,,0.0517353149,0.11488122,0.07850229556,0.1052540019
1975-02-28,0.05981163449,0.00379810095,0.0043,0.0043,0.004127875181,0.0043,0.0043,0.05037624938,0.06685548121,0.04598178756,0.08932188233,0.04001048458,0.02078151843,0.01123675622,,,,,,,,,,,,,,,,,,0.02707553063,0.06983932945,0.04781739956,0.02497682593
1975-03-31,0.03061406894,0.03061406894,0.0041,0.0035982009,0.01318178832,0.0041,0.0041,0.0263065835,0.04188694813,0.06335988658,0.0232444894,0.03541440482,0.07117346472,0.09421383847,,,,,,,,,,,,,,,,,,0.02845924935,0.02477477093,0.02672041649,0.04268854724
1975-04-30,0.04651274333,0.04651274333,0.0044,0.04651274333,0.01840298071,0.0044,0.0044,0.04108795508,0.05656844558,0.0643586279,0.05822587421,0.04274134363,0.06798379736,0.0424934472,,,,,,,,,,,,,,,,,,0.04379899301,0.04965263016,0.04860565187,0.05185612449
1975-05-31,0.05631192629,0.05631192629,0.003898050975,0.05631192629,0.02155094732,0.0044,0.004234177281,0.04028896202,0.05876567649,0.08023861494,0.04966744991,0.05686644218,0.008872494008,0.0331753403,,,,,,,,,,,,,,,,,,0.04829643841,0.04497586134,0.04875329036,0.03514903234
1975-06-30,0.05271222643,0.05271222643,0.05271222643,0.05271222643,0.02014854165,0.0035982009,0.02014854165,0.05716769038,0.05227385789,0.06385925724,0.03765446893,0.07487091993,0.07583951525,0.05532708532,,,,,,,,,,,,,,,,,,0.05493884454,0.04740620135,0.04917428736,0.06190183301
1975-07-31,-0.06127826921,-0.06127826921,-0.06127826921,-0.06127826921,-0.01701273793,-0.06127826921,-0.01701273793,-0.0546913378,-0.07955999674,-0.03451676307,-0.06999355583,-0.07097414614,-0.04556376257,-0.04408138191,,,,,,,,,,,,,,,,,,-0.05798645024,-0.06234627237,-0.06199038956,-0.05384721676
1975-08-31,-0.02368140398,-0.02368140398,-0.02368140398,-0.02368140398,-0.004601529128,-0.02368140398,-0.004601529128,-0.02512859464,-0.02373035679,-0.054092093,-0.01539836565,-0.03043108499,-0.02064017563,-0.05398874263,,,,,,,,,,,,,,,,,,-0.02440536111,-0.0202659127,-0.02140478956,-0.02315089471
1975-09-30,-0.03738026179,-0.03738026179,-0.03738026179,-0.03738026179,-0.008978030228,-0.03738026179,-0.008978030228,-0.04050921101,-0.04839926746,-0.03961034382,-0.03601275298,-0.04317176195,-0.03840775235,-0.03022692029,,,,,,,,,,,,,,,,,,-0.03894551864,-0.03826210611,-0.03796825586,-0.03876632287
1975-10-31,0.0587117262,0.0587117262,0.0587117262,0.0587117262,0.02451864119,0.0587117262,0.02451864119,0.05387184401,0.07684289444,0.02670608003,0.05265620122,0.07207208928,0.06442828285,0.02710012852,,,,,,,,,,,,,,,,,,0.05629057513,0.0532637187,0.05507871321,0.05900214291
1975-11-30,0.03051407728,0.03051407728,0.03051407728,0.03051407728,0.01460766353,0.03051407728,0.01460766353,0.02101325448,0.04318531185,0.02410935259,0.02559650673,0.04810110433,0.04476949627,0.0251616884,,,,,,,,,,,,,,,,,,0.02576129068,0.02330373479,0.02570634412,0.03209471916
1975-12-31,-0.01128243779,-0.01128243779,-0.01128243779,-0.01128243779,-0.003022387636,-0.01128243779,-0.003022387636,-0.009548229999,-0.02393010505,-0.01554067794,-0.01427483506,-0.01555629966,0.00919735828,0.003151634178,,,,,,,,,,,,,,,,,,-0.01041576745,-0.01191271418,-0.01170269195,-0.003882128213
1976-01-31,0.126106107,0.126106107,0.126106107,0.126106107,0.06700052579,0.126106107,0.06700052579,0.1398634719,0.09831583288,0.2038827907,0.1194842805,0.1159317647,0.181831232,0.2576543032,,,,,,,,,,,,,,,,,,0.1329813501,0.1296687814,0.1284808268,0.1492560822
1976-02-29,0.006416086533,0.006416086533,0.006416086533,0.006416086533,0.004968725986,0.006416086533,0.004968725986,0.009028358608,-0.006951502559,0.0866305594,-0.01192881522,0.01623141946,0.04650976919,0.1243212596,,,,,,,,,,,,,,,,,,0.007721569503,-0.001455467601,0.001167509742,0.02064278532
1976-03-31,0.02711436074,0.02711436074,0.02711436074,0.02711436074,0.01681810661,0.02711436074,0.01681810661,0.01312319803,0.02930280746,0.02211186994,0.03494660027,0.03742556456,0.0220309964,0.008344714514,,,,,,,,,,,,,,,,,,0.0201152816,0.0240294433,0.02505740695,0.02075364073
1976-04-30,-0.01078247948,-0.01078247948,-0.01078247948,-0.01078247948,-0.004233682956,-0.01078247948,-0.004233682956,-0.006352257765,-0.0259275877,-0.01893639844,-0.01791631365,-0.02458752643,-0.01660885991,-0.01299911805,,,,,,,,,,,,,,,,,,-0.008568476176,-0.01213717672,-0.01168576118,-0.01124965271
1976-05-31,-0.009782562848,-0.009782562848,-0.009782562848,-0.009782562848,-0.003893562445,-0.009782562848,-0.003893562445,-0.01424231422,-0.01643954513,-0.03261915456,0.004803194158,-0.02796511527,-0.005788380692,-0.01823318127,,,,,,,,,,,,,,,,,,-0.01201355347,-0.004724321407,-0.006410964443,-0.00993918744
1976-06-30,0.04481288507,0.04481288507,0.04481288507,0.04481288507,0.02701184944,0.04481288507,0.02701184944,0.03309802449,0.04997675285,0.04038883615,0.04782122127,0.05317798322,0.05844278359,0.04516083277,,,,,,,,,,,,,,,,,,0.03895252606,0.04045594208,0.04190777271,0.04544690053
1976-07-31,-0.00598287966,-0.00598287966,-0.00598287966,-0.00598287966,-0.001408259743,-0.00598287966,-0.001408259743,-0.02003501389,-0.01384281769,-0.0002599356953,-0.01059237359,0.001627520951,0.003468751686,0.009668161579,,,,,,,,,,,,,,,,,,-0.01301245981,-0.0153160544,-0.01220603291,-0.007520553499
1976-08-31,-0.001583246495,-0.001583246495,-0.001583246495,-0.001583246495,0.0008277714045,-0.001583246495,0.0008277714045,-0.01194520917,0.003735029597,-0.02263174133,-0.00436097706,0.0077159772,-0.009606785366,-0.01456571353,,,,,,,,,,,,,,,,,,-0.006766818325,-0.008154989175,-0.005965138265,-0.007713789845
1976-09-30,0.02491454416,0.02491454416,0.02491454416,0.02491454416,0.01756359221,0.02491454416,0.01756359221,0.02121300275,0.01751765985,0.02520796804,0.02650312795,0.01971896236,0.02851828601,0.03371011687,,,,,,,,,,,,,,,,,,0.02306284807,0.02385674282,0.02420922588,0.02488072133
1976-10-31,-0.02018169578,-0.02018169578,-0.02018169578,-0.02018169578,-0.01200559414,-0.02018169578,-0.01200559414,-0.03251928043,-0.0259275877,-0.02343073439,-0.0264547463,-0.01996645711,-0.03393362164,-0.009142979144,,,,,,,,,,,,,,,,,,-0.0263535725,-0.0294885295,-0.02638730869,-0.02888109812
1976-11-30,0.007515994824,0.007515994824,0.007515994824,0.007515994824,0.006538190739,0.007515994824,0.006538190739,0.02390960432,-0.01823727951,0.04138757747,-0.003972139516,0.01923216575,0.02011779573,0.03783214469,,,,,,,,,,,,,,,,,,0.01570870117,0.009961761966,0.009146233726,0.01717790991
1976-12-31,0.06041158447,0.06041158447,0.06041158447,0.06041158447,0.04461385388,0.06041158447,0.04461385388,0.07184918782,0.04598178756,0.09482023825,0.05425453343,0.05693541336,0.08535653904,0.08946582219,,,,,,,,,,,,,,,,,,0.06612752675,0.06304746197,0.06216854277,0.0725348313
1977-01-31,-0.03678031182,-0.03678031182,-0.03678031182,-0.03678031182,-0.02560528941,-0.03678031182,-0.02560528941,-0.01963551736,-0.07466616426,0.02800444375,-0.05131236082,-0.04768187763,-0.000675516842,0.02407864089,,,,,,,,,,,,,,,,,,-0.02821220079,-0.0354818583,-0.03591482129,-0.01903656698
1977-02-28,-0.01598204594,-0.01598204594,-0.01598204594,-0.01598204594,-0.01036009269,-0.01598204594,-0.01036009269,-0.02782519621,-0.01743828645,0.0006389314954,-0.01951264671,-0.01744051244,-0.01959561204,-0.01312581512,,,,,,,,,,,,,,,,,,-0.02190658186,-0.0236709996,-0.02110886914,-0.02113651504
1977-03-31,-0.009782562848,-0.009782562848,-0.009782562848,-0.009782562848,-0.009782562848,-0.009782562848,-0.009782562848,-0.006951502559,-0.01973539149,0.005033393317,-0.01528041493,-0.00330042016,0.004517313598,0.02115211359,,,,,,,,,,,,,,,,,,-0.008367740469,-0.01111804097,-0.01067302975,-0.004075113791
1977-04-30,0.005216186579,0.004713578485,0.005216186579,0.005216186579,0.004713578485,0.005216186579,0.005216186579,0.03349752102,-0.02263174133,0.02440897498,-0.008302330366,0.02722382684,0.04277632902,0.02917950976,,,,,,,,,,,,,,,,,,0.01909835377,0.01258714536,0.00996174707,0.0269883821
1977-05-31,-0.01108245447,0.0037,-0.01108245447,-0.01157691324,0.0037,-0.01108245447,-0.01108245447,-0.001658173547,-0.03162041324,-0.000160061563,-0.01605709043,-0.02032330801,-0.01699369912,-0.01234239243,,,,,,,,,,,,,,,,,,0.001019573683,-0.00886123172,-0.004675549773,-0.004987960803
1977-06-30,0.05111235982,0.004,0.05111235982,0.004,0.004,0.05111235982,0.05111235982,0.06006404021,0.04738002541,0.07095032063,0.05737822836,0.04046829331,0.04947153177,0.0719516396,,,,,,,,,,,,,,,,,,0.0320180041,0.05872046283,0.04046859594,0.03783390893
1977-07-31,-0.01278231273,0.003698150925,-0.01278231273,0.0042,0.003698150925,-0.01278231273,-0.01278231273,-0.01534092967,-0.01534092967,0.005233141581,-0.01537337609,-0.02073413637,-0.03191246607,-0.008938814444,,,,,,,,,,,,,,,,,,-0.005826149144,-0.01535716099,-0.009009619458,-0.01452448713
1977-08-31,-0.01328227105,-0.01328227105,-0.01328227105,0.003898050975,-0.01328386992,-0.01328227105,-0.01328386992,-0.03082142018,0.007130750095,-0.00175804768,-0.01262152581,-0.01936270935,-0.02993229339,-0.03421700324,,,,,,,,,,,,,,,,,,-0.0220562304,-0.02172602297,-0.01891237668,-0.02468246033
1977-09-30,0.001516495053,0.001015736806,0.001516495053,0.001516495053,0.001026375118,0.001516495053,0.001519081128,0.009827351667,-0.01444206248,0.01721803746,-0.001118331834,-0.01222369203,-0.007354726275,0.0140738209,,,,,,,,,,,,,,,,,,0.005419341333,0.004351773495,0.003239390291,0.001159899211
1977-10-31,-0.03908012006,0.0049,-0.03908012006,-0.03956058,0.0049,-0.03908012006,-0.03838088072,-0.03971021795,-0.04460405044,-0.03321839935,-0.03934236187,-0.03654752955,-0.03228431072,-0.0306744833,,,,,,,,,,,,,,,,,,-0.01741626153,-0.03952638188,-0.02472739912,-0.02237393117
1977-11-30,0.04491287673,0.005,0.04439042029,0.005,0.005,0.04491287673,0.04439042029,0.06355963484,0.03509550714,0.08523232155,0.03388004588,0.04612393039,0.04769827263,0.06729633458,,,,,,,,,,,,,,,,,,0.03426517751,0.04871242046,0.03413675588,0.03874138495
1977-12-31,0.007515994824,0.004397801099,0.004397801099,0.0049,0.004460183269,0.007012236827,0.004460183269,0.01222433084,-0.0008591804891,0.02281098887,0.008144798039,-0.003563310325,0.01140943408,0.01635886621,,,,,,,,,,,,,,,,,,0.008309109338,0.01018354456,0.008254320431,0.009342206655
1978-01-31,-0.05517877778,-0.05517877778,-0.05565118839,0.004397801099,-0.04777505071,0.004397801099,-0.04812634422,-0.06338038731,-0.06517812169,-0.03301865109,-0.0643858987,-0.05384230381,-0.03303899541,-0.03270863344,,,,,,,,,,,,,,,,,,-0.05928163295,-0.06388339438,-0.06098362223,-0.05053855141
1978-02-28,-0.009382596197,-0.009877904899,0.0046,-0.009382596197,-0.009877904899,-0.009877904899,0.0046,-0.0030564114,-0.02782519621,0.02800444375,-0.02094604783,-0.01847308104,-0.01867999459,0.01656952819,,,,,,,,,,,,,,,,,,-0.006468863523,-0.01200570203,-0.01129667224,-0.01054081759
1978-03-31,0.03371381049,0.0053,0.0053,0.03319695358,0.0053,0.0053,0.0053,0.05147486484,0.03349752102,0.06875308972,0.02114536641,0.03108321439,0.03873701664,0.08003626185,,,,,,,,,,,,,,,,,,0.0283758887,0.03630253325,0.02596490993,0.03182844806
1978-04-30,0.0840096169,0.0054,0.0054,0.0054,0.0054,0.0054,0.0054,0.0937216228,0.09751683982,0.08563181808,0.1011909235,0.06967509074,0.06709516863,0.08468506958,,,,,,,,,,,,,,,,,,0.04953873099,0.0974544058,0.0667503918,0.05538892861
1978-05-31,0.02261473591,0.004597701149,0.004597701149,0.0051,0.004735840587,0.0051,0.004735840587,0.05067587178,0.01312319803,0.07194906196,0.01626540526,0.01713204318,0.02026673351,0.03181690785,,,,,,,,,,,,,,,,,,0.02762526692,0.0334620359,0.02383738288,0.02517160355
1978-06-30,-0.01158241278,-0.01158241278,-0.01158241278,0.004897551224,-0.006913733535,0.004897551224,-0.006913733535,0.008129491418,-0.02722595142,0.009327981005,-0.02095404449,-0.01154797434,-0.01624201317,-0.008460264382,,,,,,,,,,,,,,,,,,-0.001731388657,-0.006419547421,-0.008141077,-0.006569876335
1978-07-31,0.05671189294,0.05671189294,0.05671189294,0.05671189294,0.04281457262,0.05671189294,0.04281457262,0.09781646222,0.04767964781,0.07015132757,0.05882562364,0.05182954659,0.05880763115,0.05177581904,,,,,,,,,,,,,,,,,,0.07725390144,0.07831129522,0.07110909344,0.07110309395
1978-08-31,0.04331301012,0.04331301012,0.04331301012,0.04331301012,0.03440703465,0.04331301012,0.03440703465,0.0643586279,0.03649374499,0.09561923131,0.04655375081,0.0208454917,0.01999084877,0.0416545477,,,,,,,,,,,,,,,,,,0.05383055761,0.05545173814,0.05140414622,0.04254664116
1978-09-30,-0.008282687905,-0.008282687905,-0.008282687905,-0.008282687905,-0.004218391592,-0.008282687905,-0.004218391592,-0.03881135076,0.005033393317,-0.01923602083,-0.008921071857,-0.00564444083,-0.001087344781,0.01236153629,,,,,,,,,,,,,,,,,,-0.0235546515,-0.02387368388,-0.01867841672,-0.01606804478
1978-10-31,-0.1122740173,-0.1122740173,-0.1122740173,-0.1122740173,-0.07819392263,-0.1122740173,-0.07819392263,-0.1716439467,-0.08445382922,-0.233765657,-0.09495112858,-0.1086753946,-0.1162612252,-0.1464503622,,,,,,,,,,,,,,,,,,-0.1419738245,-0.1333167109,-0.1263048156,-0.1334058134
1978-11-30,0.03401378548,0.03349677859,0.03401378548,0.03401378548,0.02572948589,0.03401378548,0.02600825482,0.07494528593,0.02131287688,0.08363433544,0.02777159798,0.03480166083,0.02946189178,0.0561959723,,,,,,,,,,,,,,,,,,0.05421067013,0.05134664853,0.04539470725,0.04595832633
1978-12-31,0.01641525282,0.007296351824,0.01641525282,0.01590704519,0.007523134104,0.01641525282,0.01247950476,0.02720545069,-0.01044709719,0.02840394027,0.02894010978,-0.005645440413,-0.004218036781,0.0180719005,,,,,,,,,,,,,,,,,,0.01724592398,0.02807234657,0.02114268711,0.01008888496
1979-01-31,0.04981246821,0.04981246821,0.04981246821,0.007196401799,0.03083930392,0.04981246821,0.03083930392,0.03988946549,0.0609629074,0.08772917486,0.03520349294,0.0719741302,0.06665735155,0.0519879804,,,,,,,,,,,,,,,,,,0.0448484861,0.03754530772,0.04163241644,0.05211491588
1979-02-28,-0.02838101214,-0.02838101214,-0.02838101214,-0.02838101214,-0.01230390304,-0.02838101214,-0.01230390304,-0.04150795233,-0.02662670662,-0.02802494447,-0.03215536459,-0.0319164644,-0.02905366048,-0.02350098038,,,,,,,,,,,,,,,,,,-0.03494776397,-0.03683399661,-0.03401727408,-0.03298371734
1979-03-31,0.06471122597,0.06471122597,0.06471122597,0.06471122597,0.04089067919,0.06471122597,0.04089067919,0.08443332849,0.05067587178,0.1038089102,0.0636656015,0.0629339072,0.07453705941,0.07935454667,,,,,,,,,,,,,,,,,,0.07456734671,0.07404427306,0.07093221978,0.07455724703
1979-04-30,0.007216019835,0.007216019835,0.007216019835,0.007216019835,0.007546730205,0.007216019835,0.007546730205,0.009327981005,0.0003393090985,0.02800444375,0.01082068006,-0.01778137003,0.00612564164,0.04063972169,,,,,,,,,,,,,,,,,,0.00827147243,0.01007395736,0.009120925119,0.007555957016
1979-05-31,-0.01388222102,-0.01388222102,-0.01388222102,-0.01388222102,-0.003901758178,-0.01388222102,-0.003901758178,-0.02053438455,-0.01004760066,-0.01733841232,-0.01886991524,-0.006162224501,-0.01373306141,-0.04142624123,,,,,,,,,,,,,,,,,,-0.01720996583,-0.01970256601,-0.01776346692,-0.01605138383
1979-06-30,0.04641275167,0.04641275167,0.04641275167,0.04641275167,0.03090277819,0.04641275167,0.03090277819,0.04698052888,0.03859110177,0.0584660541,0.03914684541,0.05982520601,0.05588685145,0.07530748753,,,,,,,,,,,,,,,,,,0.04669649833,0.04306172873,0.04417836426,0.04975800173
1979-07-31,0.0159152945,0.0159152945,0.0159152945,0.0159152945,0.01254938805,0.0159152945,0.01254938805,0.01052647059,0.01701828919,0.01821677878,0.006817352644,0.02089547082,0.02972878027,0.03802106576,,,,,,,,,,,,,,,,,,0.01321953534,0.008670984339,0.01108476294,0.0187198467
1979-08-31,0.0630113677,0.0630113677,0.0630113677,0.0630113677,0.03989704032,0.0630113677,0.03989704032,0.0708504465,0.06945220865,0.081037608,0.06253007592,0.04422572346,0.05307802498,0.06501878614,,,,,,,,,,,,,,,,,,0.06692894733,0.06668818112,0.06546216788,0.06231020131
1979-09-30,-8.33715522e-05,-8.33715522e-05,-8.33715522e-05,-8.33715522e-05,0.003214985522,-8.33715522e-05,0.003214985522,0.03479588474,-0.0315205391,0.01522055481,0.005193031284,-0.01041444793,-0.007379715834,-0.02408273733,,,,,,,,,,,,,,,,,,0.01734753678,0.0199870573,0.01329468348,0.009102370801
1979-10-31,-0.07237734379,-0.07237734379,-0.07237734379,-0.07237734379,-0.03883007369,-0.07237734379,-0.03883007369,-0.05219448449,-0.0741667936,-0.09873583014,-0.06159406513,-0.07949258714,-0.08314706031,-0.1274937823,,,,,,,,,,,,,,,,,,-0.06229095985,-0.0568966247,-0.06205873848,-0.06924531124
1979-11-30,0.06201145107,0.06201145107,0.06201145107,0.06201145107,0.04053226249,0.06201145107,0.04053226249,0.1081034978,0.03379714342,0.1209872609,0.0551981392,0.06304985876,0.0403443451,0.06458271833,,,,,,,,,,,,,,,,,,0.08504595145,0.08163759218,0.07509336299,0.07014044787
1979-12-31,0.0272143524,0.0272143524,0.0272143524,0.0272143524,0.02213067731,0.0272143524,0.02213067731,0.04738002541,-0.001058928754,0.08962678337,0.01925315698,0.01977793772,0.0184295011,0.03190062288,,,,,,,,,,,,,,,,,,0.03729214749,0.03330955948,0.03127714576,0.03100250228
1980-01-31,0.06291137604,0.06291137604,0.06291137604,0.06291137604,0.04540499519,0.06291137604,0.04540499519,0.1167925474,0.01901577184,0.105207148,0.06380654261,0.06022004105,0.07797862153,0.05755115611,,,,,,,,,,,,,,,,,,0.08983849141,0.09028629848,0.08115828121,0.08588388219
1980-02-29,-0.003483088089,-0.003483088089,-0.003483088089,-0.003483088089,0.0004740000696,-0.003483088089,0.0004740000696,0.05966454368,-0.0448037987,0.006831127698,0.005222019173,-0.009007035941,0.004158463525,-0.05916333069,,,,,,,,,,,,,,,,,,0.02807494089,0.0324296708,0.02045475935,0.02010012263
1980-03-31,-0.1169736254,-0.1169736254,-0.1169736254,-0.1169736254,-0.0735976144,-0.1169736254,-0.0735976144,-0.1727425622,-0.0484991416,-0.2057010258,-0.1077527801,-0.1178485621,-0.130862125,-0.1353145148,,,,,,,,,,,,,,,,,,-0.144872036,-0.1402639186,-0.1325030735,-0.1402036208
1980-04-30,0.05201228479,0.05148627865,0.05201228479,0.05201228479,0.03961740448,0.05201228479,0.03988900425,0.05017650112,0.06395913137,0.06905271212,0.03872602123,0.06762894562,0.06103869902,0.04698357124,,,,,,,,,,,,,,,,,,0.05083106244,0.04444839855,0.04679357692,0.05423155797
1980-05-31,0.06061156779,0.007596201899,0.06061156779,0.06008126201,0.007843927987,0.06061156779,0.03551619066,0.04987687872,0.05417146641,0.07284792915,0.0546933501,0.05842978902,0.0646581868,0.1067750904,,,,,,,,,,,,,,,,,,0.02872597014,0.05228391029,0.03737887937,0.0406993844
1980-06-30,0.03581363541,0.03581363541,0.03581363541,0.005597201399,0.02119021015,0.03581363541,0.02119021015,0.04787939607,0.0318995349,0.0547707112,0.03396501038,0.0391248546,0.02385423465,0.02089946915,,,,,,,,,,,,,,,,,,0.0418434993,0.04091872463,0.0392164606,0.03584507861
1980-07-31,0.07031075909,0.07031075909,0.07031075909,0.07031075909,0.03765493871,0.07031075909,0.03765493871,0.0646582503,0.09012615403,0.1197887713,0.0799088151,0.04118099555,0.02764365144,0.07789965452,,,,,,,,,,,,,,,,,,0.06748309157,0.07227972006,0.07162318054,0.05419536675
1980-08-31,0.02381463587,0.02381463587,0.02381463587,0.02381463587,0.01512049827,0.02381463587,0.01512049827,0.02660620589,0.005333015713,0.08623106287,0.01671621691,-0.001763062466,0.01718302188,0.00923534241,,,,,,,,,,,,,,,,,,0.02520972299,0.0216587389,0.02237713196,0.02253283735
1980-09-30,0.02931417732,0.02931417732,0.02931417732,0.02931417732,0.0180432544,0.02931417732,0.0180432544,0.06196164873,-0.008849111073,0.0544710888,0.03406296945,0.018355532,-0.009948642539,-0.008129402615,,,,,,,,,,,,,,,,,,0.04562975116,0.04800533442,0.04177287115,0.0270967086
1980-10-31,0.01981496935,0.01981496935,0.01981496935,0.01981496935,0.01461587507,0.01981496935,0.01461587507,0.04917775979,-0.0253283429,0.06865321559,0.03136409704,0.0005699627977,-0.01001561456,0.01194645971,,,,,,,,,,,,,,,,,,0.03448902388,0.040266475,0.03344703357,0.01964914665
1980-11-30,0.1055078244,0.1055078244,0.1055078244,0.1055078244,0.05727392498,0.1055078244,0.05727392498,0.1990888324,0.006631379433,0.1199885196,0.1266173003,0.05065103897,0.04672867773,0.03424814209,,,,,,,,,,,,,,,,,,0.1522749331,0.1628349485,0.1437195354,0.117081118
1980-12-31,-0.03158074535,-0.03158074535,-0.03158074535,-0.03158074535,-0.01250438986,-0.03158074535,-0.01250438986,-0.07876100368,0.02780469548,-0.0451034211,-0.04168238421,-0.008500247677,-0.006552061627,0.03075035346,,,,,,,,,,,,,,,,,,-0.05518266958,-0.0602309636,-0.05068407318,-0.03897786902
1981-01-31,-0.04028002002,-0.04028002002,-0.04028002002,-0.04028002002,-0.01642597684,-0.04028002002,-0.01642597684,-0.09254363394,0.0158197996,-0.03451676307,-0.06376016014,-0.008381297374,0.01597652595,0.0160305034,,,,,,,,,,,,,,,,,,-0.06642489288,-0.07815909291,-0.06553694326,-0.03896735119
1981-02-28,0.01671522781,0.01671522781,0.01671522781,0.01671522781,0.01371514043,0.01671522781,0.01371514043,0.007729994889,0.02490834564,0.00213704348,0.01285183144,0.01173529793,0.01365449609,0.03726937982,,,,,,,,,,,,,,,,,,0.01222036504,0.01028963271,0.01243078393,0.01269824962
1981-03-31,0.04871255992,0.04871255992,0.04871255992,0.04871255992,0.02999158138,0.04871255992,0.02999158138,0.05646857145,0.04528266863,0.07923987361,0.02364532193,0.08448190447,0.05366877816,0.05308752101,,,,,,,,,,,,,,,,,,0.05258862668,0.04004874088,0.04293571882,0.05294855737
1981-04-30,-0.01088247114,-0.01088247114,-0.01088247114,-0.01088247114,2.631355832e-05,-0.01088247114,2.631355832e-05,-0.03651424572,-0.007051376692,0.03020167466,-0.02657669535,-0.01314230823,0.009142381249,0.02767888671,,,,,,,,,,,,,,,,,,-0.02370476637,-0.03154795492,-0.02466239585,-0.01275936614
1981-05-31,0.01271556129,0.01271556129,0.01271556129,0.01271556129,0.01235365042,0.01271556129,0.01235365042,0.02690582829,0.002436665877,0.05067587178,0.00376062974,0.01650830377,0.03075035346,0.0308955428,,,,,,,,,,,,,,,,,,0.01980714722,0.01532744272,0.01445652472,0.02345366712
1981-06-30,-0.009982546174,-0.009982546174,-0.009982546174,-0.009982546174,-0.002703162779,-0.009982546174,-0.002703162779,-0.06288101665,0.022910863,-0.02732582555,-0.006462099213,0.005188033372,0.0001671311004,0.004355631149,,,,,,,,,,,,,,,,,,-0.03644500603,-0.03468566266,-0.02645403372,-0.02424502686
1981-07-31,-0.0031831131,-0.0031831131,-0.0031831131,-0.0031831131,0.001334179081,-0.0031831131,0.001334179081,-0.01613992273,0.02440897498,-0.02692632902,0.0175788565,-0.01947066425,-0.01121211466,-0.0240102676,,,,,,,,,,,,,,,,,,-0.009664757118,0.0007110371887,-0.0005874465277,-0.01018071525
1981-08-31,-0.05747858603,-0.05747858603,-0.05747858603,-0.05747858603,-0.03607721312,-0.05747858603,-0.03607721312,-0.06218189772,-0.04929813465,-0.07936024848,-0.06097832239,-0.05905812464,-0.02579902027,-0.04952535742,,,,,,,,,,,,,,,,,,-0.0598314177,-0.06158041095,-0.06021384683,-0.04849406383
1981-09-30,-0.05957841094,-0.06004862174,-0.05957841094,-0.05957841094,-0.04166335911,-0.05957841094,-0.04134534119,-0.05578995325,-0.06687598194,-0.06657635954,-0.06680988596,-0.04786080287,-0.01390498958,-0.04001258185,,,,,,,,,,,,,,,,,,-0.05792035216,-0.06130267459,-0.06088479601,-0.04325763581
1981-10-31,0.06121151777,0.0121,0.06068091201,0.06068091201,0.0121,0.06121151777,0.04433183707,0.07634352378,0.0318995349,0.09482023825,0.06833065244,0.03010862157,0.04385187965,0.08735695327,,,,,,,,,,,,,,,,,,0.04420570101,0.07233508489,0.05224467272,0.04408771946
1981-11-30,0.04461290174,0.0107,0.01019490255,0.0107,0.0107,0.04409059529,0.01040730431,0.02890331094,0.05187436136,0.03479588474,0.04262639166,0.06116664556,0.04127395671,0.04499590168,,,,,,,,,,,,,,,,,,0.01979710464,0.03576142053,0.0274043309,0.02695366952
1981-12-31,-0.0276810705,0.008195902049,-0.02816722996,0.0087,0.008342021571,0.008195902049,-0.01265946386,-0.02862418927,-0.03611474919,-0.01494143314,-0.03457135519,-0.03205740552,-0.0247934404,-0.01703793064,,,,,,,,,,,,,,,,,,-0.01022334863,-0.03159925902,-0.01834205718,-0.01508166581
1982-01-31,-0.02438134562,-0.02486915495,0.008,0.007496251874,-0.01533820907,-0.02486915495,0.008,-0.009048859338,-0.03761286117,-0.03291877696,-0.02364991816,-0.009290917336,0.00370165438,-0.03629613458,,,,,,,,,,,,,,,,,,-0.01696296222,-0.01635303901,-0.01919269097,-0.01007705231
1982-02-28,-0.049479253,0.0092,0.0092,-0.04995451337,0.0092,0.0092,0.0092,-0.02992255299,-0.0769632693,-0.02542821703,-0.06344429211,-0.01372406517,-0.01921776991,-0.005482758381,,,,,,,,,,,,,,,,,,-0.01037105713,-0.04669180298,-0.02806803357,-0.01332094544
1982-03-31,-0.008482671231,0.0098,0.0098,0.0098,0.0098,0.0098,0.0098,0.01222433084,-0.02522846877,-0.004854145781,-0.01460769599,0.006398527629,0.01850646894,-0.00158588649,,,,,,,,,,,,,,,,,,0.01101155934,-0.001198390581,0.002466518315,0.01350860119
1982-04-30,0.04361298511,0.0113,0.0113,0.0113,0.0113,0.0113,0.0113,0.03948996896,0.04688065475,0.0513749907,0.05045711999,0.03836117366,0.02104840692,0.03199908174,,,,,,,,,,,,,,,,,,0.02538793699,0.04497080269,0.03374154664,0.02394094401
1982-05-31,-0.02878097879,0.0106,0.0106,0.0106,0.0106,0.0106,0.0106,-0.0287240634,-0.04670140721,-0.01773790885,-0.02136487285,-0.03863365797,-0.02088907164,-0.03527181254,,,,,,,,,,,,,,,,,,-0.009071862716,-0.02504630792,-0.01317089974,-0.01301224647
1982-06-30,-0.02128160408,0.0096,0.0096,0.0096,0.0096,0.0096,0.0096,-0.001158802886,-0.04640178482,-0.009747978264,-0.01790831699,-0.01320028401,-0.01786633453,-0.0253604535,,,,,,,,,,,,,,,,,,0.004217908856,-0.009537747319,-0.003160624163,-0.003146620681
1982-07-31,-0.02158157906,0.0105,0.0105,0.0105,0.0105,0.0105,0.0105,0.003535281332,-0.05199473623,-0.002357292474,-0.02149082023,-0.02769322887,-0.01926475028,-0.04454393866,,,,,,,,,,,,,,,,,,0.007015899486,-0.008984025973,-0.002491514845,-0.001748996846
1982-08-31,0.1198066322,0.0076,0.0076,0.0076,0.0076,0.0076,0.0076,0.1087027426,0.155743459,0.07444591526,0.1072433947,0.1526504237,0.1351847209,0.1114586336,,,,,,,,,,,,,,,,,,0.05812609564,0.1079727039,0.074493074,0.08380374479
1982-09-30,0.01811511109,0.004597701149,0.004597701149,0.0051,0.004827258037,0.0051,0.004827258037,0.02271111473,0.001837421083,0.05916517302,0.02747971993,0.005766791567,-1.07945624e-05,0.02344840421,,,,,,,,,,,,,,,,,,0.01364987959,0.02509422518,0.01825829022,0.009094803182
1982-10-31,0.1188067156,0.1188067156,0.1188067156,0.005397301349,0.06718579573,0.005397301349,0.06718579573,0.1041085326,0.1261807158,0.1562428296,0.1141495094,0.1207697434,0.09642491469,0.1307570707,,,,,,,,,,,,,,,,,,0.1114539495,0.1091265107,0.1123521704,0.1064426009
1982-11-30,0.05301220142,0.05301220142,0.05301220142,0.05301220142,0.03346251731,0.05301220142,0.03346251731,0.06825371906,0.009228106873,0.1060061411,0.04771926386,0.0558728573,0.0397545915,0.05928043362,,,,,,,,,,,,,,,,,,0.06062914986,0.05798135785,0.05632441967,0.05366864392
1982-12-31,0.01221560298,0.01221560298,0.01221560298,0.01221560298,0.009476817267,0.01221560298,0.009476817267,0.01262382737,0.02540771631,0.01512068068,0.01877135827,0.01871338249,0.01567964998,-0.002925326874,,,,,,,,,,,,,,,,,,0.01241961312,0.01569605594,0.01453551806,0.01350563568
1983-01-31,0.04271306015,0.04271306015,0.04271306015,0.04271306015,0.02480069841,0.04271306015,0.02480069841,0.02410935259,0.04248619293,0.07554453072,0.02608930084,0.02790554202,0.05876864744,0.04734816891,,,,,,,,,,,,,,,,,,0.03340655544,0.02509883173,0.03096665703,0.04185776861
1983-02-28,0.03201395222,0.03201395222,0.03201395222,0.03201395222,0.01944797292,0.03201395222,0.01944797292,0.04747989954,0.01142533778,0.06316013831,0.0283203687,0.04489944198,0.02204099222,0.04159407296,,,,,,,,,,,,,,,,,,0.0397430594,0.03789534424,0.03593422621,0.03384040301
1983-03-31,0.03431376047,0.03431376047,0.03431376047,0.03431376047,0.02097946278,0.03431376047,0.02097946278,0.03379714342,0.03599437433,0.05347234748,0.03509853679,0.03867304337,0.02940091725,0.06504027716,,,,,,,,,,,,,,,,,,0.03405532279,0.03444751476,0.0344029151,0.03250290604
1983-04-30,0.07361048396,0.07361048396,0.07361048396,0.07361048396,0.04548715447,0.07361048396,0.04548715447,0.08922728684,0.08113748213,0.0835344613,0.07237896106,0.07410523983,0.07123543883,0.07542893679,,,,,,,,,,,,,,,,,,0.0814149812,0.08079891187,0.07840197005,0.07802066892
1983-05-31,0.01191562799,0.01191562799,0.01191562799,0.01191562799,0.00987530246,0.01191562799,0.00987530246,0.001138302157,0.009627603402,0.07174931369,0.003433766303,0.01070872683,-0.001666102976,0.01400859815,,,,,,,,,,,,,,,,,,0.006524270742,0.002285460364,0.005493758907,0.003793235828
1983-06-30,0.03731351035,0.03731351035,0.03731351035,0.03731351035,0.02441146817,0.03731351035,0.02441146817,0.05746731277,0.03829147937,0.04977700459,0.05039514588,0.004634264736,0.007149213993,0.01868964241,,,,,,,,,,,,,,,,,,0.04738537311,0.05392946129,0.04838829684,0.03396773655
1983-07-31,-0.03328060362,-0.03328060362,-0.03328060362,-0.03328060362,-0.01800606629,-0.03328060362,-0.01800606629,-0.05519070846,-0.02932330819,-0.0383119801,-0.04162940635,-0.02391780624,-0.01162894051,-0.01425084508,,,,,,,,,,,,,,,,,,-0.04424113356,-0.04841344773,-0.04337084741,-0.03337402552
1983-08-31,0.002516411682,0.002516411682,0.002516411682,0.002516411682,0.004109689058,0.002516411682,0.004109689058,-0.03351802175,0.03140016424,-0.05489108606,0.002976957158,0.004224435962,0.05284312312,0.06042295627,,,,,,,,,,,,,,,,,,-0.01550981364,-0.01527965604,-0.009349609794,0.007265316811
1983-09-30,0.01671522781,0.01671522781,0.01671522781,0.01671522781,0.01353465235,0.01671522781,0.01353465235,0.004633896787,0.01811690465,0.01791715638,0.01679318475,0.02047564622,0.00775396133,-0.01332098358,,,,,,,,,,,,,,,,,,0.01067154196,0.01071050095,0.01271140971,0.009698690575
1983-10-31,-0.02678114553,-0.02678114553,-0.02678114553,-0.02678114553,-0.01847163539,-0.02678114553,-0.01847163539,-0.05868630309,-0.00655200603,-0.08015924153,-0.02328107226,-0.009403870144,-0.00424302634,-0.003357896146,,,,,,,,,,,,,,,,,,-0.0427417006,-0.04099253898,-0.03625698589,-0.02991308592
1983-11-30,0.02861423568,0.02861423568,0.02861423568,0.02861423568,0.02327861377,0.02861423568,0.02327861377,0.01042659646,0.02510809391,0.04478329797,0.02036069425,0.04346504127,0.01852546101,0.01292355148,,,,,,,,,,,,,,,,,,0.01951586916,0.01539116183,0.01979738416,0.01918562256
1983-12-31,-0.01048250449,-0.01048250449,-0.01048250449,-0.01048250449,-0.009279047358,-0.01048250449,-0.009279047358,-0.0030564114,-0.007750495618,-0.01474168488,0.003511733729,-0.02446157905,-0.007791543773,0.02944289971,,,,,,,,,,,,,,,,,,-0.006771314467,0.0002260191282,-0.00334477409,-0.007111504467
1984-01-31,-0.01168240444,-0.01168240444,-0.01168240444,-0.01168240444,-0.01128313911,-0.01168240444,-0.01128313911,-0.03651424572,-0.003356033797,-0.02472909811,-0.02633079809,-0.02872279871,0.0339240275,0.06885618288,,,,,,,,,,,,,,,,,,-0.02410453304,-0.03142506777,-0.02484686944,-0.004770434743
1984-02-29,-0.04067998667,-0.04115964667,-0.04067998667,-0.04067998667,-0.03826826568,-0.04067998667,-0.03781952045,-0.04050921101,-0.04530316936,-0.05588982739,-0.0352800591,-0.05531668781,-0.01387500211,0.02166514925,,,,,,,,,,,,,,,,,,-0.04083459145,-0.03789594234,-0.03898420656,-0.03185394425
1984-03-31,0.01371547792,0.0073,0.01371547792,0.01320862018,0.0073,0.01371547792,0.01330046955,0.01591967374,0.01102584125,0.01112571539,0.01224608452,0.03217275918,0.004107484824,0.02355286056,,,,,,,,,,,,,,,,,,0.01160768195,0.01408196073,0.01182041211,0.009106782647
1984-04-30,0.002916378333,0.0081,0.002916378333,0.0081,0.0081,0.002916378333,0.003629157289,0.01092596712,-0.005453390575,0.003235658935,0.008409687368,-0.03215536459,0.01694812002,0.01837502386,,,,,,,,,,,,,,,,,,0.009512277069,0.009667198175,0.00914462458,0.01198971013
1984-05-31,-0.05207903623,0.0078,-0.05255299671,0.0078,0.0078,-0.05207903623,-0.04572093956,-0.05169511383,-0.06138290466,-0.04240681953,-0.04174735707,-0.07544427852,-0.0600247208,-0.04688695974,,,,,,,,,,,,,,,,,,-0.02196243069,-0.04672372239,-0.02855960613,-0.03465409152
1984-06-30,0.02551449414,0.0075,0.0075,0.0075,0.0075,0.02500173689,0.0075,0.01192470845,0.0291030592,0.02730532482,0.03310536953,-0.0007065038957,0.02514969341,-0.01763193247,,,,,,,,,,,,,,,,,,0.009711248045,0.02250974382,0.01750482755,0.01485470343
1984-07-31,-0.01908178749,0.0082,0.0082,0.0082,0.0082,0.0082,0.0082,-0.02602746183,-0.02582771356,-0.01564055207,-0.007121823581,-0.03721824932,-0.02473746378,-0.02097928395,,,,,,,,,,,,,,,,,,-0.00892228778,-0.01657936911,-0.008322332148,-0.01419577131
1984-08-31,0.1109073742,0.0083,0.0083,0.0083,0.0083,0.0083,0.0083,0.08852816792,0.1469545353,0.08193647519,0.1109368516,0.1277818138,0.1155839101,0.1289408296,,,,,,,,,,,,,,,,,,0.04839402692,0.09972690759,0.06923468818,0.07078319132
1984-09-30,0.0005165784249,0.008095952024,0.008095952024,0.0086,0.008257184989,0.0086,0.008257184989,0.0133229463,-0.01663929339,0.02111312862,0.002740056135,-0.00807242642,0.03154802019,0.03561457119,,,,,,,,,,,,,,,,,,0.01070814241,0.008028855493,0.008051213842,0.01765100871
1984-10-31,0.001516495053,0.001516495053,0.001516495053,0.009495252374,0.004228436011,0.009495252374,0.004228436011,0.007829869021,-0.01124609025,0.008129491418,0.008276742912,0.008297734142,-0.005472512662,-0.002827867592,,,,,,,,,,,,,,,,,,0.004671603694,0.008053194248,0.005872916371,0.001289029205
1984-11-30,-0.01048250449,-0.01048250449,-0.01048250449,-0.01048250449,-0.004863516165,-0.01048250449,-0.004863516165,-0.01084659372,-0.008749236941,-0.01244457984,-0.01646991796,-0.001318248309,0.008782531594,-0.002234865348,,,,,,,,,,,,,,,,,,-0.01066464013,-0.01365966167,-0.01260096214,-0.004186510444
1984-12-31,0.02471456083,0.02471456083,0.02471456083,0.02471456083,0.01920562122,0.02471456083,0.01920562122,0.02620670936,0.01352269456,0.01971489076,0.02782657501,0.02563549044,0.0218890557,0.02999641845,,,,,,,,,,,,,,,,,,0.02546026206,0.02701623722,0.02624875597,0.02426931495
1985-01-31,0.08610944182,0.08610944182,0.08610944182,0.08610944182,0.06294205885,0.08610944182,0.06294205885,0.05327259922,0.1167925474,0.0866305594,0.08359827365,0.087139794,0.05615773828,0.06502953165,,,,,,,,,,,,,,,,,,0.06968281131,0.06842785501,0.0743197535,0.06517294993
1985-02-28,0.01791512776,0.01791512776,0.01791512776,0.01791512776,0.01426708742,0.01791512776,0.01426708742,0.02051388382,-0.001358551151,0.03120041598,0.02197302062,-0.0002536930796,0.02196802271,0.02476785294,,,,,,,,,,,,,,,,,,0.0192138561,0.02124308744,0.02013327111,0.02013160569
1985-03-31,-0.002183196472,-0.002183196472,-0.002183196472,-0.002183196472,0.001028950558,-0.002183196472,0.001028950558,0.006731253566,0.003635155464,-0.0030564114,-0.004065100677,-0.003867183367,0.02132229249,0.006249339959,,,,,,,,,,,,,,,,,,0.002271799934,0.001330377356,0.0001587953828,0.008619216915
1985-04-30,-0.00248317146,-0.00248317146,-0.00248317146,-0.00248317146,0.0008427877895,-0.00248317146,0.0008427877895,0.00213704348,-0.02023476215,0.007530246624,-0.006321158098,-0.006933902094,0.01845648982,0.02748846627,,,,,,,,,,,,,,,,,,-0.000174219044,-0.00209417186,-0.00222388185,0.00603264738
1985-05-31,0.05721185126,0.05721185126,0.05721185126,0.05721185126,0.03955758014,0.05721185126,0.03955758014,0.0680539708,0.022910863,0.04658103235,0.06007510161,0.06116664556,0.05103187986,0.04521755907,,,,,,,,,,,,,,,,,,0.0626302005,0.06406254148,0.06177821667,0.05876280461
1985-06-30,0.01811511109,0.01811511109,0.01811511109,0.01811511109,0.01365475776,0.01811511109,0.01365475776,0.03060117118,0.01252395324,0.03369726929,0.01083467421,0.02029672098,0.01383841925,0.002611609799,,,,,,,,,,,,,,,,,,0.02435501962,0.02071298107,0.01984673521,0.02084831731
1985-07-31,-0.001083288181,-0.001083288181,-0.001083288181,-0.001083288181,0.001008067309,-0.001083288181,0.001008067309,-0.028424441,0.03269852796,0.01571992547,-0.006944897501,-0.002317830685,-0.01498253938,-0.0181629606,,,,,,,,,,,,,,,,,,-0.01476069988,-0.01769003914,-0.01215630008,-0.01483467179
1985-08-31,-0.004682988043,-0.004682988043,-0.004682988043,-0.004682988043,-0.001766138813,-0.004682988043,-0.001766138813,0.001437924554,-0.01853690191,0.001038428025,-0.007027862838,-0.002918579692,0.007965872793,-0.0005570663306,,,,,,,,,,,,,,,,,,-0.001624061973,-0.002797085589,-0.00342592952,0.001571472345
1985-09-30,-0.03918011172,-0.03918011172,-0.03918011172,-0.03918011172,-0.02746925492,-0.03918011172,-0.02746925492,-0.0383119801,-0.04500354696,-0.04829939333,-0.03300900794,-0.04485505867,-0.04430029045,-0.02770772281,,,,,,,,,,,,,,,,,,-0.03874626295,-0.03566181976,-0.03683497482,-0.04059869504
1985-10-31,0.04641275167,0.04641275167,0.04641275167,0.04641275167,0.04619976385,0.04641275167,0.04619976385,0.05996416608,0.01462131002,0.0578668093,0.05001830333,0.05169460297,0.05477331669,0.07778245349,,,,,,,,,,,,,,,,,,0.05318507102,0.05498874824,0.05212912955,0.05371431015
1985-11-30,0.07061073408,0.07061073408,0.07061073408,0.07061073408,0.06278170466,0.07061073408,0.06278170466,0.06286051592,0.08403383196,0.07384667047,0.06731307759,0.07186117739,0.04656074789,0.03154277239,,,,,,,,,,,,,,,,,,0.06673368744,0.06508568361,0.06692675333,0.06000618266
1985-12-31,0.04521285172,0.04521285172,0.04521285172,0.04521285172,0.03928144726,0.04521285172,0.03928144726,0.03909047243,0.04668090648,0.04058858441,0.04857190763,0.03940573725,0.04423372012,0.02900408305,,,,,,,,,,,,,,,,,,0.04215013148,0.04382881967,0.04429001017,0.04284442969
1986-01-31,0.01201561965,0.01201561965,0.01201561965,0.01201561965,0.01069145765,0.01201561965,0.01069145765,0.02690582829,0.01042659646,0.03909047243,-0.001727077501,0.04411876815,0.01494995485,-0.01179462129,,,,,,,,,,,,,,,,,,0.01945700142,0.01258221717,0.01239328758,0.01795415137
1986-02-28,0.07661023385,0.07661023385,0.07661023385,0.07661023385,0.06100484373,0.07661023385,0.06100484373,0.0807379856,0.06525749509,0.08792892312,0.07622335488,0.08531155784,0.06839262655,0.07824426055,,,,,,,,,,,,,,,,,,0.07867307779,0.07847954158,0.07785623118,0.07524466389
1986-03-31,0.05501203468,0.05501203468,0.05501203468,0.05501203468,0.05096159508,0.05501203468,0.05096159508,0.07144969129,0.03080091945,0.0482788926,0.0643123313,0.05017123943,0.04399881826,0.05115058026,,,,,,,,,,,,,,,,,,0.06322675357,0.06787922696,0.06358849265,0.05681530491
1986-04-30,-0.007682737928,-0.007682737928,-0.007682737928,-0.007682737928,-0.005227349599,-0.007682737928,-0.005227349599,-0.01813740538,-0.0007593063568,0.02041400969,-0.00179404952,-0.04823564626,-0.03267514743,-0.01033248217,,,,,,,,,,,,,,,,,,-0.01291268532,-0.009969813287,-0.0092077085,-0.01950282248
1986-05-31,0.05101236816,0.05101236816,0.05101236816,0.05101236816,0.04206370678,0.05101236816,0.04206370678,0.06725497774,0.05097549417,0.05177448723,0.06073782472,0.04309519579,0.05011926115,0.06068159821,,,,,,,,,,,,,,,,,,0.0591296123,0.06399477194,0.05966550487,0.05612516031
1986-06-30,0.01571531118,0.01571531118,0.01571531118,0.01571531118,0.01357243642,0.01571531118,0.01357243642,0.03849122764,-0.0123447057,0.02410935259,0.0178227546,0.003199864027,0.02475185962,0.01181901295,,,,,,,,,,,,,,,,,,0.02709757543,0.028151824,0.02400493732,0.02631540889
1986-07-31,-0.05917844429,-0.05917844429,-0.05917844429,-0.05917844429,-0.0466918152,-0.05917844429,-0.0466918152,-0.05738793937,-0.07117056963,-0.08185710178,-0.0663710693,-0.04404639653,-0.02657769494,-0.04745197368,,,,,,,,,,,,,,,,,,-0.05828363946,-0.06188175012,-0.06098094829,-0.04772173853
1986-08-31,0.06521118429,0.06521118429,0.06521118429,0.06521118429,0.05329330779,0.06521118429,0.05329330779,0.04628140996,0.1295764363,0.0226112406,0.06447126489,0.0871627844,0.09395294747,0.1211808217,,,,,,,,,,,,,,,,,,0.05574156468,0.05537178996,0.05865049531,0.06847335687
1986-09-30,-0.08147658511,-0.08147658511,-0.08147658511,-0.08147658511,-0.05302901078,-0.08147658511,-0.05302901078,-0.1142163206,-0.02632708423,-0.0769632693,-0.08243135933,-0.08646767296,-0.07187776861,-0.05374784327,,,,,,,,,,,,,,,,,,-0.09785463781,-0.09833178623,-0.09271525777,-0.08919856682
1986-10-31,0.0509123765,0.05038692031,0.0509123765,0.0509123765,0.03467289351,0.0509123765,0.03496615643,0.06615636228,0.001937295215,0.0420866964,0.04683363388,0.05775307175,0.0540806061,0.0409226035,,,,,,,,,,,,,,,,,,0.05826769894,0.0564901674,0.05445507303,0.05687153565
1986-11-30,0.01551532785,0.00339830085,0.01551532785,0.01500757019,0.003616705601,0.01551532785,0.01048000481,0.01422181349,0.01601954787,-0.0126443281,0.01962800037,0.008093819337,0.01485299536,0.01830530299,,,,,,,,,,,,,,,,,,0.008807351291,0.01692355538,0.01241303232,0.01082189454
1986-12-31,-0.02778106216,-0.02778106216,-0.02778106216,0.004397801099,-0.01356584969,-0.02778106216,-0.01356584969,-0.02952305646,-0.0380123577,-0.0324194063,-0.02864383171,-0.03083291711,-0.02938652141,-0.02540318564,,,,,,,,,,,,,,,,,,-0.02865249481,-0.02908366389,-0.02864960802,-0.02889725195
1987-01-31,0.1286058985,0.1280415956,0.1286058985,0.1286058985,0.0770876971,0.1286058985,0.07739785618,0.1426599476,0.1068051341,0.1212868833,0.1337473214,0.1336483628,0.1099302722,0.1292514498,,,,,,,,,,,,,,,,,,0.135347117,0.1382014064,0.1348136737,0.1268716228
1987-02-28,0.04801261828,0.00379810095,0.04801261828,0.04748861197,0.004058739281,0.04801261828,0.02941345026,0.03040142292,0.07045094997,0.07404641873,0.04424671469,0.05581088319,-0.0002426976735,-0.006372886486,,,,,,,,,,,,,,,,,,0.0170931111,0.03732060748,0.02614129597,0.01131258124
1987-03-31,0.02091487765,0.02091487765,0.02091487765,0.004197901049,0.01248710092,0.02091487765,0.01248710092,0.02640645763,0.0127237015,0.03199940904,0.03500957396,0.000607946928,0.02537060111,0.06123611653,,,,,,,,,,,,,,,,,,0.02365929474,0.03070586502,0.02744111443,0.02422954021
1987-04-30,-0.01658199592,-0.01658199592,-0.01658199592,-0.01658199592,-0.005993659149,-0.01658199592,-0.005993659149,-0.006751754295,0.007030875962,-0.0225318672,-0.009606785366,-0.01466567177,-0.01544534602,0.008424681104,,,,,,,,,,,,,,,,,,-0.01166933267,-0.008179983588,-0.0109820458,-0.01292842362
1987-05-31,0.004816219927,0.004816219927,0.004816219927,0.004816219927,0.004309660198,0.004816219927,0.004309660198,0.005133267449,0.01631917027,-0.008649362808,0.007067248238,-0.007282756344,0.006683408606,0.009396025277,,,,,,,,,,,,,,,,,,0.004974664426,0.006099774348,0.005671780204,0.005543918957
1987-06-30,0.04381296844,0.04381296844,0.04381296844,0.04381296844,0.02429732711,0.04381296844,0.02429732711,0.04288568946,0.0482788926,0.02390960432,0.05195449439,0.03784139083,0.04585904106,0.05149318712,,,,,,,,,,,,,,,,,,0.04334909713,0.04741782472,0.04621580517,0.04418534194
1987-07-31,0.04291304347,0.04291304347,0.04291304347,0.04291304347,0.02404323725,0.04291304347,0.02404323725,0.05297297682,0.02710557655,0.04568216516,0.05226936284,0.06086877001,0.03691377839,0.03464947441,,,,,,,,,,,,,,,,,,0.04794049516,0.05262099392,0.04938297035,0.04426369743
1987-08-31,0.03981330192,0.03981330192,0.03981330192,0.03981330192,0.02230185723,0.03981330192,0.02230185723,0.03749248631,0.05636869732,0.02870356267,0.04654675374,0.03155801602,0.02669604734,0.05127152973,,,,,,,,,,,,,,,,,,0.03865231391,0.04201735646,0.04128242647,0.03466462145
1987-09-30,-0.02138159574,-0.02138159574,-0.02138159574,-0.02138159574,-0.009677700931,-0.02138159574,-0.009677700931,-0.01484155901,-0.01743828645,-0.01514118141,-0.0261258837,-0.009352891443,-0.02591497182,-0.02500710113,,,,,,,,,,,,,,,,,,-0.01811321238,-0.02048654244,-0.0207849933,-0.02071466591
1987-10-31,-0.2259645379,-0.2259645379,-0.2259645379,-0.2259645379,-0.1242304524,-0.2259645379,-0.1242304524,-0.2347643983,-0.1397840985,-0.3226536348,-0.2187574024,-0.2353054887,-0.1935519333,-0.1778637378,,,,,,,,,,,,,,,,,,-0.2303666681,-0.2267649021,-0.2264982025,-0.2181018037
1987-11-30,-0.07417719372,-0.07464010512,-0.07417719372,-0.07417719372,-0.04948492976,-0.07417719372,-0.0493211609,-0.08145760525,-0.05039675011,-0.05429184127,-0.08597587843,-0.05948694548,-0.05775566881,-0.07547901401,,,,,,,,,,,,,,,,,,-0.07805055956,-0.08371787141,-0.0806932133,-0.07128896933
1987-12-31,0.07201061736,0.0039,0.07147461205,0.07147461205,0.0039,0.07201061736,0.02718150447,0.07824113229,0.03619412259,0.1123980855,0.07814255304,0.0570753549,0.04898373557,0.0380640478,,,,,,,,,,,,,,,,,,0.04105198086,0.07819181802,0.05341138581,0.04369501986
1988-01-31,0.04491287673,0.0029,0.0023988006,0.0029,0.0029,0.04439042029,0.002737071944,0.01522055481,0.1024106723,0.01871614944,0.0416827859,0.04641980678,0.07871131541,0.1095706724,,,,,,,,,,,,,,,,,,0.009057197267,0.0284450548,0.01992719746,0.03226181207
1988-02-29,0.05221226812,0.0046,0.05168616198,0.0046,0.0046,0.004097951024,0.01990143254,0.0513749907,0.07144969129,0.0745457894,0.05200547309,0.03970961029,0.03522148542,0.02748246878,,,,,,,,,,,,,,,,,,0.0279758016,0.05169007428,0.03598302343,0.03039022577
1988-03-31,-0.01828185419,0.0044,0.0044,0.0044,0.0044,-0.01877271326,0.0044,-0.02293136373,-0.02003501389,0.04258606706,-0.03122275423,-0.02192563856,-0.01122810798,-0.03067873153,,,,,,,,,,,,,,,,,,-0.009272514704,-0.02707913183,-0.01659170089,-0.009924597177
1988-04-30,0.01021576972,0.0046,0.0046,0.0046,0.0046,0.0046,0.0046,0.01452143588,-0.006651880162,0.02790456961,0.001268670878,-0.0004536095547,0.01408131777,0.02504723622,,,,,,,,,,,,,,,,,,0.009558237583,0.00789174019,0.006794127343,0.01106542869
1988-05-31,0.002316428356,0.0051,0.0051,0.0051,0.0051,0.0051,0.0051,0.005033393317,0.006231882904,-0.01643954513,0.004811190817,0.01130347834,0.02022575063,0.03652968886,,,,,,,,,,,,,,,,,,0.005066680007,0.004922236516,0.004981471265,0.01011634597
1988-06-30,0.05261223477,0.0049,0.0049,0.0049,0.0049,0.0049,0.0049,0.0321991573,0.08902753858,0.06615636228,0.05356082327,0.04202264391,0.03891794105,0.05821662807,,,,,,,,,,,,,,,,,,0.01854275386,0.04287464987,0.03021155352,0.02533221977
1988-07-31,-0.007482754603,0.004597701149,0.0051,0.0051,0.004922607155,0.0051,0.0051,-0.006152509501,-0.01973539149,-0.00655200603,-0.01057937902,-0.002935572593,0.001918399422,-0.002544735884,,,,,,,,,,,,,,,,,,-0.0007800917284,-0.008367050977,-0.004047609933,0.0001191057881
1988-08-31,-0.02728110385,-0.02728110385,0.0059,0.005397301349,-0.005820974244,0.0059,0.0059,-0.02722595142,-0.0290236858,-0.02602746183,-0.03011821571,-0.01035247382,-0.01472764588,-0.01282269176,,,,,,,,,,,,,,,,,,-0.02725354142,-0.02867280663,-0.02820906025,-0.02308101724
1988-09-30,0.03921335195,0.03921335195,0.0062,0.03921335195,0.01803155414,0.0062,0.0062,0.03369726929,0.0448831721,0.0288034368,0.05537206653,0.03239366688,0.03609012251,0.04887203224,,,,,,,,,,,,,,,,,,0.0364539316,0.04452924921,0.0427566922,0.03633262132
1988-10-31,0.01761515277,0.01761515277,0.0061,0.01761515277,0.0102832352,0.0061,0.0061,0.02161249928,0.01382231696,-0.0030564114,0.02489579949,0.004772207104,0.02947088802,0.01777352517,,,,,,,,,,,,,,,,,,0.01961282669,0.02325332856,0.02137323073,0.0228973229
1988-11-30,-0.01708195424,-0.01708195424,0.005197401299,-0.01708195424,-0.002626523533,0.0057,0.005351332994,-0.01713866405,-0.0129439505,-0.03231953216,-0.01708266195,-0.01532939447,-0.004106083554,-0.007553393272,,,,,,,,,,,,,,,,,,-0.01711032332,-0.017110677,-0.01710110594,-0.01277845711
1988-12-31,0.02101486931,0.02101486931,0.02101486931,0.02101486931,0.01641669348,0.005797101449,0.01641669348,0.01482105828,0.02201199581,0.04078833268,0.02214095046,0.00875554287,0.005495904744,-0.01009882979,,,,,,,,,,,,,,,,,,0.01791641534,0.0184791744,0.01932412449,0.01377451699
1989-01-31,0.06611110925,0.06611110925,0.06611110925,0.06611110925,0.05838576529,0.06611110925,0.05838576529,0.06845346733,0.07794150989,0.05037624938,0.07072865056,0.06940220475,0.07026384476,0.08282084845,,,,,,,,,,,,,,,,,,0.0672817027,0.06959049015,0.06843030239,0.06827541877
1989-02-28,-0.01628202093,-0.01628202093,-0.01628202093,-0.01628202093,-0.01631745682,-0.01628202093,-0.01631745682,-0.007550747353,-0.02213237067,0.01112571539,-0.02026333307,-0.008830109861,-0.01372506475,-0.02336528708,,,,,,,,,,,,,,,,,,-0.01191856696,-0.01391021836,-0.0147010831,-0.01252093386
1989-03-31,0.02231476093,0.02231476093,0.02231476093,0.02231476093,0.02117520705,0.02231476093,0.02117520705,0.04188694813,-0.005453390575,0.03289827623,0.02992269925,0.02532262116,0.02546456186,0.01312496733,,,,,,,,,,,,,,,,,,0.03209596148,0.03590183263,0.03137129872,0.02988475758
1989-04-30,0.0501124432,0.0501124432,0.0501124432,0.0501124432,0.04829552367,0.0501124432,0.04829552367,0.05626882319,0.04288568946,0.05087562004,0.05451542443,0.05223437745,0.04025738143,0.04228353491,,,,,,,,,,,,,,,,,,0.0531890941,0.05539168546,0.05363105701,0.04887667521
1989-05-31,0.04061323523,0.04061323523,0.04061323523,0.04061323523,0.04057420669,0.04061323523,0.04057420669,0.04658103235,0.02780469548,0.04098808094,0.04226754159,0.0424144802,0.03890694564,0.04149986232,,,,,,,,,,,,,,,,,,0.04359564184,0.0444232086,0.04315279402,0.04203222198
1989-06-30,-0.006282854649,-0.006282854649,-0.006282854649,-0.006282854649,-0.005493272304,-0.006282854649,-0.005493272304,-0.001857921812,-0.00655200603,-0.02153312587,-0.01095922032,-0.005376552754,0.004237430533,-0.007696833343,,,,,,,,,,,,,,,,,,-0.004071494464,-0.006410846391,-0.006368196445,-0.001302961491
1989-07-31,0.07871005877,0.07871005877,0.07871005877,0.07871005877,0.07372000761,0.07871005877,0.07372000761,0.1062058893,0.04378455665,0.05806655757,0.09447173073,0.06162845262,0.06151450023,0.07965467128,,,,,,,,,,,,,,,,,,0.09245110009,0.1003358765,0.09312441989,0.08213546197
1989-08-31,0.02161481929,0.02161481929,0.02161481929,0.02161481929,0.02099323696,0.02161481929,0.02099323696,0.01292344977,0.03349752102,0.02850381441,0.0212993021,0.02771562137,0.02419309308,0.03693377003,,,,,,,,,,,,,,,,,,0.01726696168,0.01710928197,0.01861062736,0.01957490282
1989-09-30,-0.001183279843,-0.001183279843,-0.001183279843,-0.001183279843,-4.58660755e-05,-0.001183279843,-4.58660755e-05,0.01212445671,-0.02572783943,0.01691841506,0.004915147384,-0.006014286309,0.001087746468,-0.001207794457,,,,,,,,,,,,,,,,,,0.005467261499,0.008517999719,0.005283161745,0.004006936173
1989-10-31,-0.02978089542,-0.02978089542,-0.02978089542,-0.02978089542,-0.0279422023,-0.02978089542,-0.0279422023,-0.02702620315,-0.03711349051,-0.05628932391,-0.02842992108,-0.02411472396,-0.0227343007,-0.08224618669,,,,,,,,,,,,,,,,,,-0.02840423796,-0.02772841304,-0.02841280193,-0.02651505959
1989-11-30,0.01721518612,0.01721518612,0.01721518612,0.01721518612,0.01642790372,0.01721518612,0.01642790372,0.01731791159,-0.009548229999,0.01152521192,0.009153376655,0.02565548209,0.008496651035,-0.01984850638,,,,,,,,,,,,,,,,,,0.01726652317,0.01323360299,0.01456035519,0.01434130072
1989-12-31,0.0178151361,0.0178151361,0.0178151361,0.0178151361,0.01583363282,0.0178151361,0.01583363282,0.01881602357,-0.0126443281,0.007530246624,0.0108066859,0.01641334345,0.02450096445,-0.008732400683,,,,,,,,,,,,,,,,,,0.01831532961,0.0148093524,0.01581094655,0.02037600018
1990-01-31,-0.07237734379,-0.07237734379,-0.07237734379,-0.07237734379,-0.06309989402,-0.07237734379,-0.06309989402,-0.08355496203,-0.03841185423,-0.09863595601,-0.0733811405,-0.07000255207,-0.07329917475,-0.07659604731,,,,,,,,,,,,,,,,,,-0.07796894732,-0.07847059472,-0.07644018782,-0.07641287501
1990-02-28,0.01681521947,0.01630681186,0.01681521947,0.01681521947,0.0150397111,0.01681521947,0.01541126142,0.01182483431,0.03159991251,0.03679336739,0.01364749902,0.01606948711,0.02585439898,0.03840890372,,,,,,,,,,,,,,,,,,0.01406470259,0.012735711,0.01392558825,0.0179927287
1990-03-31,0.02461456917,0.0064,0.02461456917,0.02410226189,0.0064,0.02461456917,0.01972317249,0.02890331094,0.02281098887,0.04668090648,0.03117017806,0.006970288747,0.003498739158,-0.0009848875872,,,,,,,,,,,,,,,,,,0.01764602964,0.03003617778,0.02215257705,0.0129286936
1990-04-30,-0.02678114553,0.006396801599,-0.02678114553,0.0069,0.006523914465,-0.02678114553,-0.01830917983,-0.02233211893,-0.04580254002,-0.02852431514,-0.01678778515,-0.04831761202,-0.04527088494,-0.04433227709,,,,,,,,,,,,,,,,,,-0.007974840897,-0.01956133813,-0.010913469,-0.02041100038
1990-05-31,0.0910090333,0.09046352878,0.0910090333,0.006296851574,0.0693214017,0.0910090333,0.06972434726,0.09721721743,0.08533219568,0.09921470007,0.1024114135,0.08437095082,0.07327558646,0.0793527974,,,,,,,,,,,,,,,,,,0.09383868468,0.09981301693,0.09669530863,0.08698087427
1990-06-30,-0.004682988043,0.005797101449,-0.004682988043,-0.005180646549,0.00597452618,-0.004682988043,-0.002026213087,0.002536540009,-0.03971021795,0.0007388056277,-0.0001307444475,0.001610528051,-0.0160021134,-0.03478451613,,,,,,,,,,,,,,,,,,0.004166005589,0.00120223096,0.002733278069,-0.002560639301
1990-07-31,-0.01228235442,-0.01228235442,-0.01228235442,0.006296851574,-0.005550407778,-0.01228235442,-0.005550407778,0.002236917612,-0.07936024848,-0.02772532208,-0.01716562729,-0.01277446191,-0.01742052079,-0.06039131764,,,,,,,,,,,,,,,,,,-0.005026348222,-0.007469205475,-0.00907412379,-0.009159116613
1990-08-31,-0.0946754846,-0.0946754846,-0.0946754846,-0.0946754846,-0.05906363715,-0.0946754846,-0.05906363715,-0.08405433269,-0.1061265159,-0.1316942938,-0.09421643553,-0.09504109099,-0.1000609937,-0.1220725473,,,,,,,,,,,,,,,,,,-0.08936756394,-0.08913792464,-0.09098439353,-0.09293322897
1990-09-30,-0.05517877778,-0.05565118839,-0.05565118839,-0.05517877778,-0.03910964419,-0.05517877778,-0.03910964419,-0.04839926746,-0.1184110342,-0.08515294815,-0.0587202658,-0.06893999601,-0.06390609916,-0.1205431862,,,,,,,,,,,,,,,,,,-0.05202704091,-0.05356234688,-0.05425885976,-0.05598815853
1990-10-31,-0.01248233774,0.0068,0.0068,-0.01297609658,0.0068,-0.01297609658,0.0068,0.0007388056277,-0.06847396805,-0.03901109903,0.001996366847,-0.0313327083,0.00716920564,-0.06233425588,,,,,,,,,,,,,,,,,,0.003767887515,0.001367271847,0.003177183622,0.004901282468
1990-11-30,0.06911085914,0.0057,0.0057,0.0057,0.0057,0.0057,0.0057,0.05267335442,0.1466549129,0.06955208278,0.07062169525,0.08677894477,0.05067902728,0.08386541204,,,,,,,,,,,,,,,,,,0.02917493387,0.06164303775,0.04298591711,0.03634057697
1990-12-31,0.03051407728,0.006,0.006,0.006,0.006,0.006,0.006,0.01831665291,0.05187436136,0.048578515,0.03824122378,0.02351037831,0.01868739335,0.03790686348,,,,,,,,,,,,,,,,,,0.01215524729,0.0282739572,0.02084682936,0.01433190386
1991-01-31,0.05201228479,0.0052,0.0052,0.0052,0.0052,0.0052,0.0052,0.03209928317,0.1377661151,0.07884037708,0.05712833276,0.04673467522,0.0448814495,0.09491129708,,,,,,,,,,,,,,,,,,0.01864291676,0.0446075507,0.03146711335,0.0273861797
1991-02-28,0.07661023385,0.004297851074,0.004297851074,0.0048,0.004522968858,0.0048,0.004522968858,0.06835359319,0.1197887713,0.1071047565,0.08037861882,0.07153131521,0.07068366936,0.1041774257,,,,,,,,,,,,,,,,,,0.0363097082,0.07436309975,0.0509944503,0.0477638777
1991-03-31,0.03091404393,0.03091404393,0.03091404393,0.003898050975,0.01900206578,0.003898050975,0.01900206578,0.03519538127,0.008329239682,0.08712993007,0.03612110956,0.03270653617,0.02570546121,0.0002106129338,,,,,,,,,,,,,,,,,,0.03305364227,0.03565801398,0.03407579065,0.03060332897
1991-04-30,0.002416420019,0.002416420019,0.002416420019,0.002416420019,0.00381629053,0.002416420019,0.00381629053,-0.008249866279,0.03998933962,0.004833645052,0.004003528257,0.003327810571,0.003005945047,0.02900783148,,,,,,,,,,,,,,,,,,-0.002919389702,-0.00212623236,-0.0006125192989,-0.0009449361932
1991-05-31,0.0412131852,0.0412131852,0.0412131852,0.0412131852,0.0234267854,0.0412131852,0.0234267854,0.03819160524,0.07364692221,0.05297297682,0.05091792746,0.02687297342,0.0524642814,0.0960103379,,,,,,,,,,,,,,,,,,0.03970163983,0.04455158477,0.04343841363,0.04395352131
1991-06-30,-0.04527960316,-0.04527960316,-0.04527960316,-0.04527960316,-0.02176637896,-0.04527960316,-0.02176637896,-0.03871147663,-0.06048403747,-0.05598970152,-0.04382748799,-0.05593942763,-0.03803090979,-0.04854951513,,,,,,,,,,,,,,,,,,-0.04199718193,-0.04127076131,-0.0426074875,-0.04067553173
1991-07-31,0.04721268497,0.04721268497,0.04721268497,0.04721268497,0.0290882182,0.04721268497,0.0290882182,0.06985170518,0.03110054185,0.06246101939,0.05577189948,0.03799532652,0.04080415299,0.06662211627,,,,,,,,,,,,,,,,,,0.05852653532,0.06280828238,0.05760801667,0.05261710476
1991-08-31,0.02771431072,0.02771431072,0.02771431072,0.02771431072,0.01721624507,0.02771431072,0.01721624507,0.03759236045,0.04148745161,0.05257348029,0.03842214819,0.01652729584,0.01875936328,0.06427584654,,,,,,,,,,,,,,,,,,0.03265086607,0.03800704687,0.0345739858,0.02801882137
1991-09-30,-0.01138242945,-0.01138242945,-0.01138242945,-0.01138242945,-0.004071994993,-0.01138242945,-0.004071994993,-0.01594017447,-0.01643954513,0.01761753399,-0.02159377721,-0.0009633965662,-0.02046824746,-0.03244874202,,,,,,,,,,,,,,,,,,-0.0136624414,-0.01876838924,-0.01630722315,-0.01593179974
1991-10-31,0.01701520279,0.01701520279,0.01701520279,0.01701520279,0.01296609355,0.01701520279,0.01296609355,0.02480847151,-0.003655656193,0.04088820681,0.01550772182,0.02583240817,0.01771879803,0.01342983995,,,,,,,,,,,,,,,,,,0.02090988884,0.02015577148,0.01910856604,0.01984583712
1991-11-30,-0.0381801951,-0.0381801951,-0.0381801951,-0.0381801951,-0.02976903545,-0.0381801951,-0.02976903545,-0.03501613374,-0.05549033086,-0.04879876399,-0.03030913594,-0.03351079829,-0.05561456336,-0.09939027391,,,,,,,,,,,,,,,,,,-0.03659895543,-0.03266381159,-0.03450321915,-0.04294118993
1991-12-31,0.1122072658,0.1122072658,0.1122072658,0.1122072658,0.0952047473,0.1122072658,0.0952047473,0.1591391795,0.06705522947,0.1056066445,0.1294031364,0.08226583034,0.08974370609,0.1220317162,,,,,,,,,,,,,,,,,,0.1356614897,0.1442637239,0.1335746752,0.1203504585
1992-01-31,-0.002583163123,-0.002583163123,-0.002583163123,-0.002583163123,-0.001409133406,-0.002583163123,-0.001409133406,-0.0222322448,0.0130233239,0.09282275561,-0.01623801484,-0.005988297167,0.0385181081,0.1079046185,,,,,,,,,,,,,,,,,,-0.01241261623,-0.01923662838,-0.01368817469,0.004556249877
1992-02-29,0.01351549459,0.01351549459,0.01351549459,0.01351549459,0.009622009201,0.01351549459,0.009622009201,0.01202458258,0.02510809391,0.0288034368,0.004873164924,0.02150121774,0.06881944823,0.08747590358,,,,,,,,,,,,,,,,,,0.01276966586,0.008447085896,0.0101359925,0.03144071971
1992-03-31,-0.02318144567,-0.02318144567,-0.02318144567,-0.02318144567,-0.01359232256,-0.02318144567,-0.01359232256,-0.03052179778,-0.028424441,-0.03901109903,-0.02281326771,-0.02041127126,-0.01211573713,-0.01601660735,,,,,,,,,,,,,,,,,,-0.02685345681,-0.02666945988,-0.02550717582,-0.02194293483
1992-04-30,0.01401545291,0.01401545291,0.01401545291,0.01401545291,0.01066193436,0.01401545291,0.01066193436,-0.002257418341,0.04188694813,-0.04380505738,0.01529581035,0.01136245371,0.04189969527,0.04560964526,,,,,,,,,,,,,,,,,,0.005874949066,0.006514807698,0.009014189851,0.01787790535
1992-05-31,0.005716144893,0.005716144893,0.005716144893,0.005716144893,0.004759324302,0.005716144893,0.004759324302,0.01711816332,0.004234400258,0.005133267449,0.00763201228,0.001811444108,-0.0004616062137,0.01452463255,,,,,,,,,,,,,,,,,,0.0114143036,0.01237271626,0.01015311926,0.007454347136
1992-06-30,-0.02018169578,-0.02018169578,-0.02018169578,-0.02018169578,-0.01255944303,-0.02018169578,-0.01255944303,-0.03661411985,-0.01753816058,-0.04400480564,-0.02841292818,-0.02255637504,0.007425098728,0.00368291221,,,,,,,,,,,,,,,,,,-0.02840201592,-0.03251557431,-0.02840565501,-0.0164648663
1992-07-31,0.04081321855,0.04081321855,0.04081321855,0.04081321855,0.02905029058,0.04081321855,0.02905029058,0.03919034656,0.0327984021,0.04108795508,0.04252143551,0.02907905173,0.02165415384,0.005516646078,,,,,,,,,,,,,,,,,,0.04000137684,0.04085505826,0.04084110695,0.03388182907
1992-08-31,-0.02128160408,-0.02128160408,-0.02128160408,-0.02128160408,-0.01486657896,-0.02128160408,-0.01486657896,-0.03132079084,-0.02263174133,-0.03281890282,-0.01423485176,-0.04956109249,-0.04874943161,-0.05220998579,,,,,,,,,,,,,,,,,,-0.02630370725,-0.02278209279,-0.02228209613,-0.03378893067
1992-09-30,0.01441541956,0.01441541956,0.01441541956,0.01441541956,0.01133720523,0.01441541956,0.01133720523,0.01382231696,0.01342282043,0.02580721283,0.01544774687,0.01158835932,0.01062076358,0.00488640939,,,,,,,,,,,,,,,,,,0.01411871998,0.01463462556,0.01456153249,0.01295205601
1992-10-31,0.0124155863,0.0124155863,0.0124155863,0.0124155863,0.009655122346,0.0124155863,0.009655122346,0.02810431788,-0.007350999088,0.03549500367,0.01871438208,0.01127948837,0.009602189142,0.03148004859,,,,,,,,,,,,,,,,,,0.02025602991,0.02340700249,0.01974197557,0.01670356546
1992-11-30,0.04361298511,0.04361298511,0.04361298511,0.04361298511,0.03265418393,0.04361298511,0.03265418393,0.04688065475,0.03419663995,0.07504516006,0.04445262866,0.05467435803,0.04563813336,0.08205566815,,,,,,,,,,,,,,,,,,0.04524600301,0.0456660347,0.04498145665,0.04537666965
1992-12-31,0.01801511942,0.01801511942,0.01801511942,0.01801511942,0.01397996609,0.01801511942,0.01397996609,0.02111312862,-0.02243199307,0.05387184401,0.01483900121,0.03483264788,0.03466671721,0.04684038106,,,,,,,,,,,,,,,,,,0.01956334952,0.01797449638,0.01798803305,0.02459496562
1993-01-31,0.01151566134,0.01151566134,0.01151566134,0.01151566134,0.009309192676,0.01151566134,0.009309192676,0.03729273805,-0.03112104258,0.04997675285,-0.001812042003,0.04229153156,0.05447044323,0.06262053812,,,,,,,,,,,,,,,,,,0.02439775542,0.01773057183,0.01565824337,0.034418644
1993-02-28,0.003316344985,0.003316344985,0.003316344985,0.003316344985,0.003316344985,0.003316344985,0.003316344985,0.0133229463,-0.01713866405,-0.0154408038,-0.007124822328,0.009490235916,0.03010862157,0.02721508049,,,,,,,,,,,,,,,,,,0.008317143991,0.003093950042,0.003168057547,0.01557779562
1993-03-31,0.0256144858,0.0256144858,0.0256144858,0.0256144858,0.0256144858,0.0256144858,0.0256144858,0.04278581533,0.005732512243,0.04608166169,0.01923416491,0.0430722054,0.02746072786,0.02452770328,,,,,,,,,,,,,,,,,,0.03419585773,0.03100410221,0.0292069639,0.03195006562
1993-04-30,-0.02818102881,-0.02818102881,-0.02818102881,-0.02818102881,-0.02818102881,-0.02818102881,-0.02818102881,-0.03451676307,-0.02942318233,-0.03012230125,-0.04673027521,0.01146940902,-0.01118212719,-0.05144880381,,,,,,,,,,,,,,,,,,-0.03135047988,-0.04062657252,-0.03647944045,-0.0246311212
1993-05-31,0.03101403559,0.03101403559,0.03101403559,0.03101403559,0.03101403559,0.03101403559,0.03101403559,0.0516746131,0.0318995349,0.04288568946,0.03264056373,0.03130612126,0.006686407353,0.0001891219127,,,,,,,,,,,,,,,,,,0.0413391592,0.0421528299,0.03843866029,0.02978398359
1993-06-30,0.005416169904,0.005416169904,0.005416169904,0.005416169904,0.005416169904,0.005416169904,0.005416169904,0.03000192639,-0.02512859464,0.01891589771,0.001740473759,0.02032670845,0.03432785878,0.04455508585,,,,,,,,,,,,,,,,,,0.01770290171,0.01586413471,0.01238031811,0.02324270753
1993-07-31,-0.001083288181,-0.001083288181,-0.001083288181,-0.001083288181,-0.001083288181,-0.001083288181,-0.001083288181,0.0158197996,-0.0287240634,0.01771740812,-0.02069515266,0.02031871179,0.01162734303,0.01007849014,,,,,,,,,,,,,,,,,,0.00736402994,-0.002446805264,-0.001992450057,0.008784661073
1993-08-31,0.0396133186,0.0396133186,0.0396133186,0.0396133186,0.0396133186,0.0396133186,0.0396133186,0.0581664317,0.03689324152,0.05606907492,0.0335102004,0.05819588674,0.04066321188,0.04839598113,,,,,,,,,,,,,,,,,,0.04888523687,0.04583215199,0.04375851586,0.0461436478
1993-09-30,0.001316511728,0.001316511728,0.001316511728,0.001316511728,0.001316511728,0.001316511728,0.001316511728,0.01142533778,-0.02213237067,0.04288568946,-0.003325409719,-0.006024282133,-0.007073843627,0.01495920099,,,,,,,,,,,,,,,,,,0.006368397549,0.004046276345,0.003136051089,0.001886156627
1993-10-31,0.01631526115,0.01631526115,0.01631526115,0.01631526115,0.01631526115,0.01631526115,0.01631526115,0.004633896787,0.04508292037,0.02700570242,0.02024174395,-0.002731657788,-0.009844685972,-0.01074630927,,,,,,,,,,,,,,,,,,0.01047165863,0.0124339184,0.01372726849,0.003696975264
1993-11-30,-0.01628202093,-0.01628202093,-0.01628202093,-0.01628202093,-0.01628202093,-0.01628202093,-0.01628202093,-0.03731323878,0.02550759044,-0.04380505738,-0.00101137652,-0.03861366632,-0.02147782566,0.01079244186,,,,,,,,,,,,,,,,,,-0.02680288766,-0.01917138311,-0.01820858242,-0.02502845808
1993-12-31,0.01871506106,0.01871506106,0.01871506106,0.01871506106,0.01871506106,0.01871506106,0.01871506106,0.02251136647,-0.0005595580922,0.03659361912,0.01192621816,0.01402534115,0.02197801853,0.0272773045,,,,,,,,,,,,,,,,,,0.02061226469,0.01721614603,0.01771561812,0.02106736433
1994-01-31,0.03111402726,0.03111402726,0.03111402726,0.03111402726,0.03111402726,0.03111402726,0.03111402726,0.04058858441,0.03649374499,0.0294026816,0.02779358879,0.04017441609,0.01652229793,0.04226779148,,,,,,,,,,,,,,,,,,0.0358489372,0.03418788785,0.03316292576,0.02940400786
1994-02-28,-0.02348142066,-0.02348142066,-0.02348142066,-0.02348142066,-0.02348142066,-0.02348142066,-0.02348142066,-0.02572783943,-0.02383023092,-0.01114621612,-0.01970156778,-0.04463914888,-0.04676326143,-0.04129454625,,,,,,,,,,,,,,,,,,-0.02460519165,-0.02271621017,-0.02297136552,-0.03199576465
1994-03-31,-0.04527960316,-0.04527960316,-0.04527960316,-0.04527960316,-0.04527960316,-0.04527960316,-0.04527960316,-0.05069637251,-0.04340556085,-0.06417938037,-0.04353361077,-0.04549179264,-0.03386265129,-0.02463925481,,,,,,,,,,,,,,,,,,-0.04798934202,-0.04711678233,-0.0465045932,-0.04328268128
1994-04-30,0.009415836418,0.0089111285,0.009415836418,0.009415836418,0.0089111285,0.009415836418,0.009415836418,-0.0009590546214,0.01222433084,0.001138302157,0.01329964435,0.003683661897,0.01585257774,0.02817717853,,,,,,,,,,,,,,,,,,0.003973569393,0.006166730189,0.007081225089,0.007931919225
1994-05-31,0.008915878104,0.0032,0.008915878104,0.008411420165,0.0032,0.008915878104,0.008915878104,0.0004391832308,0.01522055481,-0.02542821703,0.01921517285,0.007420100816,-0.001544153926,0.0538139675,,,,,,,,,,,,,,,,,,0.001818901411,0.009822484041,0.007614253008,0.0006975092159
1994-06-30,-0.02738109551,0.0031,-0.02738109551,0.0031,0.0031,-0.02738109551,-0.02738109551,-0.03931072142,-0.02113362935,-0.03351802175,-0.02663367155,-0.02902267343,-0.02667165568,-0.02137461878,,,,,,,,,,,,,,,,,,-0.01811596339,-0.03297536575,-0.02095614703,-0.02096881263
1994-07-31,0.03091404393,0.0028,0.03091404393,0.0028,0.0028,0.03091404393,0.03091404393,0.01831665291,0.03229903143,0.02400947845,0.02664007073,0.04547020352,0.03448879154,0.02631795531,,,,,,,,,,,,,,,,,,0.01055444729,0.02247628097,0.01591453491,0.01852983027
1994-08-31,0.04381296844,0.0037,0.04381296844,0.0037,0.0037,0.04381296844,0.04381296844,0.06176190046,0.03669349326,0.06026378848,0.04592401392,0.03753551862,0.03653993458,0.03706271616,,,,,,,,,,,,,,,,,,0.03271643476,0.05383899772,0.03711749525,0.03399051148
1994-09-30,-0.01918177916,0.0031984008,-0.01918177916,0.0037,0.0031984008,-0.01918177916,-0.01918177916,-0.01933589496,-0.02682645489,0.01142533778,-0.02299919003,-0.02486041242,-0.0450689693,-0.05058941286,,,,,,,,,,,,,,,,,,-0.008074380656,-0.02116845832,-0.01305097605,-0.02041037676
1994-10-31,0.01721518612,0.01721518612,0.01721518612,0.003298350825,0.01721518612,0.01721518612,0.01721518612,0.01911564597,0.01502080655,0.01042659646,0.01673320981,0.02012179406,0.006924307958,0.01226832523,,,,,,,,,,,,,,,,,,0.01816494093,0.01792383228,0.01768753809,0.01441588199
1994-11-30,-0.03668032015,-0.03668032015,-0.03668032015,-0.03668032015,-0.03668032015,-0.03668032015,-0.03668032015,-0.03901109903,-0.02263174133,-0.03371777002,-0.03287906223,-0.03867664001,-0.05015584401,-0.059514434,,,,,,,,,,,,,,,,,,-0.03784629228,-0.03594661364,-0.03619126417,-0.04195182331
1994-12-31,0.01291554462,0.01240908685,0.01291554462,0.01291554462,0.01240908685,0.01291554462,0.01290097728,0.01182483431,-0.0009590546214,0.03239890557,0.009403272249,0.0185824372,0.005296987851,-0.005152646302,,,,,,,,,,,,,,,,,,0.01211681452,0.01061344789,0.01121179476,0.009842120787
1995-01-31,0.0221147776,0.003698150925,0.02160372021,0.02160372021,0.003708036594,0.0221147776,0.0211033768,0.01162508605,0.03329777276,-0.006951502559,0.02841632861,0.03017859234,0.05125678589,0.05529859723,,,,,,,,,,,,,,,,,,0.007659636753,0.02001650952,0.01457524304,0.02218365314
1995-02-28,0.04021326857,0.04021326857,0.004,0.003498250875,0.03948968363,0.03969316194,0.004,0.03339764689,0.04867838913,0.03809173111,0.03939374226,0.03224073078,0.05264220706,0.06897363381,,,,,,,,,,,,,,,,,,0.03680375383,0.03639419555,0.03766679572,0.0420808549
1995-03-31,0.0264144191,0.0264144191,0.004097951024,0.0264144191,0.02639615302,0.0046,0.004115802738,0.02790456961,0.03130029011,0.02490834564,0.02839133905,0.02211696048,0.003834598836,0.0003475557192,,,,,,,,,,,,,,,,,,0.02715912182,0.02814783264,0.02756972403,0.01937934587
1995-04-30,0.02541450247,0.02541450247,0.02541450247,0.02541450247,0.02464905771,0.003898050975,0.02464905771,0.03499563301,0.001238176289,0.02181224754,0.03172794502,0.01478802251,0.0342418947,0.04501239479,,,,,,,,,,,,,,,,,,0.03020267246,0.03336097209,0.03071092744,0.03154863133
1995-05-31,0.03431376047,0.03431376047,0.03431376047,0.03431376047,0.03431376047,0.03431376047,0.03431376047,0.03209928317,0.04478329797,0.01661879266,0.03887295984,0.03057442696,0.0562247103,0.06843860734,,,,,,,,,,,,,,,,,,0.0332059682,0.03548442809,0.03509407528,0.04087413616
1995-06-30,0.0318139689,0.0318139689,0.0318139689,0.0318139689,0.0318139689,0.0318139689,0.0318139689,0.04498304624,0.02720545069,0.08393395783,0.03116817889,0.0253486103,0.0169491196,0.02905731081,,,,,,,,,,,,,,,,,,0.0383952153,0.03807215885,0.03598539979,0.03124394505
1995-07-31,0.04151316019,0.04151316019,0.04151316019,0.04151316019,0.04151316019,0.04151316019,0.04151316019,0.03998933962,0.03359739515,0.08673043354,0.03391703042,0.04375791891,0.037400575,0.04380789803,,,,,,,,,,,,,,,,,,0.04075086895,0.03695166695,0.03847165803,0.03963361368
1995-08-31,0.01011577806,0.01011577806,0.01011577806,0.01011577806,0.01011577806,0.01011577806,0.01011577806,0.001338050421,0.01212445671,0.03040142292,0.01137045036,0.02504173851,0.03638200056,0.04703829837,,,,,,,,,,,,,,,,,,0.005724719808,0.006351742293,0.007606002934,0.01593846411
1995-09-30,0.03781346867,0.03781346867,0.03781346867,0.03781346867,0.03781346867,0.03781346867,0.03781346867,0.04528266863,0.01691841506,0.0288034368,0.04981638769,0.02459392561,0.05061405442,0.05069027258,,,,,,,,,,,,,,,,,,0.04154620135,0.04754839473,0.04430201143,0.04456781171
1995-10-31,-0.01048250449,-0.01048250449,-0.01048250449,-0.01048250449,-0.01048250449,-0.01048250449,-0.01048250449,0.004833645052,-0.04130820407,-0.04630191068,0.003535723706,-0.01660486158,-0.02401476573,-0.03208514393,,,,,,,,,,,,,,,,,,-0.002828258755,0.004184359898,-0.0007076379522,-0.009892782227
1995-11-30,0.04371297677,0.04371297677,0.04371297677,0.04371297677,0.04371297677,0.04371297677,0.04371297677,0.03459613648,0.07065069824,0.04038883615,0.04315816948,0.05364078986,0.05359980698,0.05784753228,,,,,,,,,,,,,,,,,,0.03915227742,0.03887501247,0.04048712993,0.04396643002
1995-12-31,0.01521535286,0.01521535286,0.01521535286,0.01521535286,0.01521535286,0.01521535286,0.01521535286,0.01152521192,-0.004254900987,0.03169978664,0.01501792645,0.01487698534,0.01231605529,0.007928888245,,,,,,,,,,,,,,,,,,0.01336935985,0.01327069601,0.01391869898,0.0130181412
1996-01-31,0.02681438575,0.02681438575,0.02681438575,0.02681438575,0.02681438575,0.02681438575,0.02681438575,0.03469601061,0.01242407911,0.00083867976,0.03636500766,0.02313153659,0.03255659881,0.03583322984,,,,,,,,,,,,,,,,,,0.03075322777,0.03553009189,0.03262319776,0.0313541513
1996-02-29,0.01711519446,0.01711519446,0.01711519446,0.01711519446,0.01711519446,0.01711519446,0.01711519446,0.02151262515,0.01282357564,0.0389905983,0.01131647292,0.01564066627,0.01557069551,0.03624455798,,,,,,,,,,,,,,,,,,0.01931281044,0.01641199999,0.0166463203,0.01806502288
1996-03-31,0.01121568635,0.01121568635,0.01121568635,0.01121568635,0.01121568635,0.01121568635,0.01121568635,0.002236917612,0.03459613648,0.02351010779,0.008392694468,-0.000230702685,0.009191360786,0.02308880445,,,,,,,,,,,,,,,,,,0.006724057289,0.005313267096,0.007280084527,0.007546217892
1996-04-30,0.02511452748,0.02511452748,0.02511452748,0.02511452748,0.02511452748,0.02511452748,0.02511452748,0.016119422,0.05237373203,0.08433345436,0.01820059674,0.01176028749,-0.01584018106,0.00109049532,,,,,,,,,,,,,,,,,,0.02061472597,0.01715948907,0.01980974774,0.008456487885
1996-05-31,0.02771431072,0.02771431072,0.02771431072,0.02771431072,0.02771431072,0.02771431072,0.02771431072,0.0324987797,0.01711816332,0.06056341087,0.03056942905,0.005623851288,0.0227966765,0.02915327072,,,,,,,,,,,,,,,,,,0.03010534909,0.03153362204,0.03025999098,0.02766829789
1996-06-30,-0.00738276294,-0.00738276294,-0.00738276294,-0.00738276294,-0.00738276294,-0.00738276294,-0.00738276294,-0.004155026855,-0.02183274827,-0.04839926746,0.006819351809,-0.02158777972,0.007300150931,-0.007778549202,,,,,,,,,,,,,,,,,,-0.005769701831,0.001329418882,-0.00157561005,-0.00141545052
1996-07-31,-0.05517877778,-0.05517877778,-0.05517877778,-0.05517877778,-0.05517877778,-0.05517877778,-0.05517877778,-0.05329309995,-0.07606440211,-0.110720726,-0.04314277406,-0.07277139525,-0.03672945354,-0.02020585708,,,,,,,,,,,,,,,,,,-0.05423641028,-0.04822047458,-0.05054068241,-0.04840433409
1996-08-31,0.03171397723,0.03171397723,0.03171397723,0.03171397723,0.03171397723,0.03171397723,0.03171397723,0.022910863,0.0454824169,0.06905271212,0.02290363181,0.03706571491,0.03072336473,0.02457068532,,,,,,,,,,,,,,,,,,0.02731021934,0.0229072456,0.02584086696,0.02844755548
1996-09-30,0.0544120847,0.0544120847,0.0544120847,0.0544120847,0.0544120847,0.0544120847,0.0544120847,0.06505774683,0.03919034656,0.04957725632,0.06418938266,0.03970761112,0.03193185983,0.0417959886,,,,,,,,,,,,,,,,,,0.05973225435,0.06462334765,0.06121746885,0.05046105199
1996-10-31,0.01281555295,0.01281555295,0.01281555295,0.01281555295,0.01281555295,0.01281555295,0.01281555295,0.02700570242,-0.03781260944,-0.02452934984,0.01723500016,0.01315570449,0.04182972451,0.04130044564,,,,,,,,,,,,,,,,,,0.01990708015,0.02211790862,0.01901608953,0.02721212238
1996-11-30,0.0665110759,0.0665110759,0.0665110759,0.0665110759,0.0665110759,0.0665110759,0.0665110759,0.06026378848,0.08293521651,0.01831665291,0.08419602391,0.05683745429,0.07676212978,0.06358188647,,,,,,,,,,,,,,,,,,0.06338587037,0.07222392313,0.0703190053,0.06784269257
1996-12-31,-0.01248233774,-0.01248233774,-0.01248233774,-0.01248233774,-0.01250716065,-0.01248233774,-0.01250716065,-0.02343073439,-0.002457166606,0.02930280746,-0.0190818267,-0.01128608376,-0.007648603493,-0.01808424349,,,,,,,,,,,,,,,,,,-0.01795927317,-0.02125736777,-0.01833358271,-0.0145235286
1997-01-31,0.05401211805,0.05401211805,0.05401211805,0.05401211805,0.05150213869,0.05401211805,0.05150213869,0.07904012535,0.02750507308,0.03229903143,0.06711216153,0.03968262157,0.04813209138,0.04255742048,,,,,,,,,,,,,,,,,,0.0665198647,0.07307316145,0.06671723186,0.06038856314
1997-02-28,-0.0009832965178,-0.0009832965178,-0.0009832965178,-0.0009832965178,-0.0005677262427,-0.0009832965178,-0.0005677262427,-0.02143325174,0.001837421083,-0.04400480564,0.006081660016,-0.006924905853,0.03646996381,0.04238249356,,,,,,,,,,,,,,,,,,-0.01121338662,-0.007682674591,-0.005450292178,0.004673876686
1997-03-31,-0.0459795448,-0.0459795448,-0.0459795448,-0.0459795448,-0.03910189085,-0.0459795448,-0.03910189085,-0.04989737945,-0.04400480564,-0.04270644192,-0.05293168426,-0.03995610545,-0.05267079326,-0.04562948512,,,,,,,,,,,,,,,,,,-0.04793944158,-0.05141529043,-0.04960407728,-0.04951708462
1997-04-30,0.04461290174,0.04461290174,0.04461290174,0.04461290174,0.0385407715,0.04461290174,0.0385407715,0.08033848907,0.007030875962,-0.01214495744,0.07027484016,0.02290862972,0.03797233612,0.03881223521,,,,,,,,,,,,,,,,,,0.06246676401,0.0753041487,0.06506858949,0.05429923212
1997-05-31,0.07211060902,0.07211060902,0.07211060902,0.07211060902,0.05519599538,0.07211060902,0.05519599538,0.05576945252,0.1170921698,0.1128974562,0.06251508218,0.08628715024,0.05668251902,0.05304204001,,,,,,,,,,,,,,,,,,0.06393594548,0.05914058095,0.06346216606,0.06151733027
1997-06-30,0.04461290174,0.04461290174,0.04461290174,0.04461290174,0.0335361874,0.04461290174,0.0335361874,0.04847864087,0.03070104532,0.07304767741,0.04332809849,0.03992052217,0.0380812906,0.05718256011,,,,,,,,,,,,,,,,,,0.04654480487,0.04590208204,0.04547221189,0.04372239674
1997-07-31,0.07731017549,0.07731017549,0.07731017549,0.07731017549,0.05346481,0.07731017549,0.05346481,0.09392137106,0.04907788566,0.06685548121,0.07653022667,0.07674113855,0.07664118031,0.07635155132,,,,,,,,,,,,,,,,,,0.08561162048,0.08522145108,0.0825834797,0.08262047658
1997-08-31,-0.03698029514,-0.03698029514,-0.03698029514,-0.03698029514,-0.02371537876,-0.03698029514,-0.02371537876,-0.06158265293,-0.01394269182,0.03509550714,-0.05473792962,-0.03229230738,-0.02220852037,0.01462509058,,,,,,,,,,,,,,,,,,-0.04928762462,-0.05816200245,-0.05110499923,-0.04026426465
1997-09-30,0.05771180957,0.05771180957,0.05771180957,0.05771180957,0.04514141954,0.05771180957,0.04514141954,0.05656844558,0.04648115822,0.09521973478,0.05019223066,0.06784285625,0.06101570862,0.08609598011,,,,,,,,,,,,,,,,,,0.05713984174,0.05337874407,0.05482261796,0.05843112668
1997-10-31,-0.03388055359,-0.03388055359,-0.03388055359,-0.03388055359,-0.02146277531,-0.03388055359,-0.02146277531,-0.04290619019,-0.02922343406,-0.04290619019,-0.03227231573,-0.04119058968,-0.03391462957,-0.02370214634,,,,,,,,,,,,,,,,,,-0.0383956283,-0.03759191143,-0.03635520423,-0.03690245969
1997-11-30,0.03371381049,0.03371381049,0.03371381049,0.03371381049,0.02386820208,0.03371381049,0.02386820208,0.02420922672,0.03789198284,-0.0123447057,0.05557698092,0.01143742238,0.03678483226,0.02929771037,,,,,,,,,,,,,,,,,,0.02895914246,0.03988526188,0.03782742483,0.03156683647
1997-12-31,0.01801511942,0.01801511942,0.01801511942,0.01801511942,0.01299514909,0.01801511942,0.01299514909,0.02351010779,0.007130750095,0.01721803746,0.0164103447,0.02554652761,0.04147687193,0.04118624335,,,,,,,,,,,,,,,,,,0.02076123986,0.01995845131,0.01931045789,0.02766276321
1998-01-31,0.005716144893,0.005716144893,0.005716144893,0.005716144893,0.005205843825,0.005716144893,0.005205843825,0.01172496018,-0.007750495618,-0.01394269182,0.01999084877,0.008412686115,-0.004692838409,0.02067606249,,,,,,,,,,,,,,,,,,0.008719050333,0.015855838,0.01247481344,0.004246441468
1998-02-28,0.07411044228,0.07411044228,0.07411044228,0.07411044228,0.05055052724,0.07411044228,0.05055052724,0.06985170518,0.08153697866,0.06965195691,0.06944418721,0.07986483347,0.06848158938,0.08548798413,,,,,,,,,,,,,,,,,,0.07198000904,0.06964784431,0.07113445322,0.07081348033
1998-03-31,0.05141233481,0.05141233481,0.05141233481,0.05141233481,0.03606655458,0.05141233481,0.03606655458,0.05886555063,0.03759236045,0.0547707112,0.0531110112,0.06240612771,0.0714693411,0.08929364413,,,,,,,,,,,,,,,,,,0.05513707942,0.05598684228,0.05446149802,0.06057877987
1998-04-30,0.011615653,0.011615653,0.011615653,0.011615653,0.0089707197,0.011615653,0.0089707197,0.02121300275,0.004434148523,0.01552017721,0.003783620135,0.02482782788,0.01470005926,0.03402748428,,,,,,,,,,,,,,,,,,0.01641192854,0.0124939541,0.01220108899,0.01584111497
1998-05-31,-0.02678114553,-0.02678114553,-0.02678114553,-0.02678114553,-0.01878541037,-0.02678114553,-0.01878541037,-0.01863677604,-0.04410467977,-0.05618944978,-0.01570223869,-0.0378659787,-0.005376552754,-0.01115763742,,,,,,,,,,,,,,,,,,-0.02271099688,-0.017170241,-0.02037552267,-0.01693534309
1998-06-30,0.03591362707,0.03591362707,0.03591362707,0.03591362707,0.02742830428,0.03591362707,0.02742830428,0.06166202633,-0.01793765711,0.0223116182,0.04489144532,0.04968144407,0.02226689784,0.04808511101,,,,,,,,,,,,,,,,,,0.0487813896,0.05327254318,0.04748430858,0.03994027891
1998-07-31,-0.02028168745,-0.02028168745,-0.02028168745,-0.02028168745,-0.01337200734,-0.02028168745,-0.01337200734,-0.0009590546214,-0.03072154605,-0.05588982739,-0.007387712493,-0.02824199959,-0.04806171893,-0.04370828779,,,,,,,,,,,,,,,,,,-0.01062520169,-0.004174990722,-0.00954639781,-0.02310914063
1998-08-31,-0.1562703489,-0.1562703489,-0.1562703489,-0.1562703489,-0.1115701055,-0.1562703489,-0.1115701055,-0.1486728963,-0.1535667288,-0.2052016552,-0.1471103365,-0.184126871,-0.1210422277,-0.195531856,,,,,,,,,,,,,,,,,,-0.152473522,-0.147892007,-0.1506863892,-0.142002142
1998-09-30,0.06641108424,0.0658778787,0.06641108424,0.06641108424,0.0515542492,0.06641108424,0.05180332679,0.06266076765,0.1046079032,0.08882779031,0.06572773994,0.08235179442,0.06438330164,0.04829452352,,,,,,,,,,,,,,,,,,0.0642685189,0.06419348705,0.06475476386,0.06430676715
1998-10-31,0.07291054232,0.0032,0.07291054232,0.07237408705,0.0032,0.07291054232,0.0362046741,0.06575686575,0.1265802123,0.022910863,0.07800461067,0.06884143904,0.04570110705,0.05197798457,,,,,,,,,,,,,,,,,,0.03446279366,0.07187767628,0.04897189642,0.03820765116
1998-11-30,0.06371130934,0.00259870065,0.06371130934,0.0031,0.002871178307,0.06371130934,0.03144843967,0.0643586279,0.06076315914,0.07025120171,0.06618055075,0.06717013731,0.03999149252,0.05644536811,,,,,,,,,,,,,,,,,,0.03346322429,0.06526913385,0.04436536624,0.03563859005
1998-12-31,0.06521118429,0.06521118429,0.06521118429,0.003298350825,0.03181112933,0.06521118429,0.03181112933,0.08912741271,-0.02233211893,0.07244843262,0.06703519369,0.08877211202,0.037400575,0.02573394931,,,,,,,,,,,,,,,,,,0.07716331944,0.07807578014,0.07378615151,0.06390421984
1999-01-31,0.03821343532,0.03821343532,0.03821343532,0.03821343532,0.01898076812,0.03821343532,0.01898076812,0.05177448723,-0.01803753124,0.02840394027,0.04421272889,0.04733542423,-0.01453072815,0.0562639439,,,,,,,,,,,,,,,,,,0.04499057101,0.04799171762,0.0447312035,0.02513917043
1999-02-28,-0.03738026179,-0.03738026179,-0.03738026179,-0.03738026179,-0.01432684679,-0.03738026179,-0.01432684679,-0.04260656779,-0.03281890282,-0.0769632693,-0.04167238839,-0.009228943228,-0.0114370207,-0.06545045393,,,,,,,,,,,,,,,,,,-0.03999472137,-0.04213971163,-0.04055413026,-0.03048096262
1999-03-31,0.03901336862,0.03901336862,0.03901336862,0.03901336862,0.01942602012,0.03901336862,0.01942602012,0.04308543772,0.05946479542,-0.006452131898,0.02542557814,0.09479359625,0.01062975982,0.01138794306,,,,,,,,,,,,,,,,,,0.04104838515,0.03425109297,0.03583798953,0.03090276213
1999-04-30,0.04701270165,0.04701270165,0.04701270165,0.04701270165,0.02257477471,0.04701270165,0.02257477471,0.02091338035,0.1513489971,0.08393395783,0.02741974498,0.0568424522,0.07057371529,0.1009655176,,,,,,,,,,,,,,,,,,0.03395651617,0.02416493608,0.03177686541,0.04615818136
1999-05-31,-0.02128160408,-0.02128160408,-0.02128160408,-0.02128160408,-0.007447903894,-0.02128160408,-0.007447903894,-0.03062167191,0.04038883615,0.02181224754,-0.02521626374,-0.02694554125,0.002782038594,-0.01992397485,,,,,,,,,,,,,,,,,,-0.02595397301,-0.02792031918,-0.02570815163,-0.01638013106
1999-06-30,0.05161231814,0.05161231814,0.05161231814,0.05161231814,0.0246877484,0.05161231814,0.0246877484,0.06146227806,0.01771740812,0.09092514709,0.06050192328,0.02015178153,0.002327228614,0.0002853317163,,,,,,,,,,,,,,,,,,0.05653483561,0.06098186058,0.05785675765,0.03845522826
1999-07-31,-0.0311807787,-0.0311807787,-0.0311807787,-0.0311807787,-0.01147448053,-0.0311807787,-0.01147448053,-0.02722595142,-0.04799977093,-0.002756789003,-0.03369871978,-0.03271013281,-0.03260017875,-0.01933347157,,,,,,,,,,,,,,,,,,-0.02920435376,-0.03046395379,-0.03070297525,-0.03033667285
1999-08-31,-0.009882554511,-0.009882554511,-0.009882554511,-0.009882554511,-0.002065216301,-0.009882554511,-0.002065216301,-0.001857921812,-0.02602746183,-0.016339671,0.002716066158,-0.01618803573,-0.03057102653,-0.0488518888,,,,,,,,,,,,,,,,,,-0.00587224432,0.0004279286758,-0.003010428194,-0.01410932335
1999-09-30,-0.02388138731,-0.02388138731,-0.02388138731,-0.02388138731,-0.008146523188,-0.02388138731,-0.008146523188,-0.006751754295,-0.09354237526,0.01352269456,-0.03261017457,-0.0132572602,-0.04079575464,-0.05896491359,,,,,,,,,,,,,,,,,,-0.01532085321,-0.01968742904,-0.02108588184,-0.02381531804
1999-10-31,0.06471122597,0.06417887036,0.06471122597,0.06471122597,0.04584444162,0.06471122597,0.04620222673,0.07224868435,0.0133229463,0.01012697406,0.06298288674,0.07589049395,0.04241248103,-0.01331098775,,,,,,,,,,,,,,,,,,0.0682117599,0.0676134691,0.06646822097,0.05960761163
1999-11-30,0.03761348534,0.003098450775,0.03761348534,0.0370946786,0.003249801071,0.03761348534,0.02686058739,0.05147486484,0.01362256869,0.1288773174,0.0237662714,0.04767528224,0.01820659423,-0.001336240792,,,,,,,,,,,,,,,,,,0.0272745637,0.03761364097,0.02610474178,0.02425089831
1999-12-31,0.08090987535,0.08090987535,0.08090987535,0.003898050975,0.05780469399,0.08090987535,0.05780469399,0.1247824779,-0.02073413282,0.1687270962,0.04875083287,0.1292012208,0.04226854117,0.05542304523,,,,,,,,,,,,,,,,,,0.1028352085,0.0867476475,0.0848010727,0.08263958854
2000-01-31,-0.04337976156,-0.04337976156,-0.04337976156,-0.04337976156,-0.03059730003,-0.04337976156,-0.03059730003,-0.0546913378,-0.05588982739,0.02980217813,-0.05142231488,-0.03281908729,-0.0594119768,-0.06811009274,,,,,,,,,,,,,,,,,,-0.04903837757,-0.05305764359,-0.04983328854,-0.05249739692
2000-02-29,0.02881421901,0.02881421901,0.02881421901,0.02881421901,0.02135540201,0.02881421901,0.02135540201,0.06555711749,-0.09184451501,0.2610107944,-0.02216253958,0.06413340605,-0.02443259116,-0.05054318218,,,,,,,,,,,,,,,,,,0.04717648252,0.02167535904,0.02405418826,0.02329699994
2000-03-31,0.05671189294,0.05671189294,0.05671189294,0.05671189294,0.03830049224,0.05671189294,0.03830049224,0.05257348029,0.1460556681,-0.02163300001,0.1063487685,0.03710769737,0.131412297,0.1204173907,,,,,,,,,,,,,,,,,,0.05464165201,0.07944768058,0.07186655701,0.08021549683
2000-04-30,-0.05937842762,-0.05937842762,-0.05937842762,-0.05937842762,-0.03947800584,-0.05937842762,-0.03947800584,-0.0580870583,0.02301073713,-0.1339913988,-0.03794394613,-0.07587709769,-0.02165974965,0.02102591632,,,,,,,,,,,,,,,,,,-0.0587330658,-0.04802053799,-0.05180776375,-0.04638331696
2000-05-31,-0.0389801284,-0.0389801284,-0.0389801284,-0.0389801284,-0.02455700336,-0.0389801284,-0.02455700336,-0.07426666773,0.05836617996,-0.08075848633,-0.02273330112,-0.05848336478,0.03310037162,-0.02272405498,,,,,,,,,,,,,,,,,,-0.0566322197,-0.04851286777,-0.04533634574,-0.02673541345
2000-06-30,0.05071239317,0.05018703698,0.05071239317,0.05071239317,0.03201181523,0.05071239317,0.03231625728,0.07884037708,-0.0673753526,0.2062797699,0.03540141025,0.05644261925,-0.02413371603,-0.03456410822,,,,,,,,,,,,,,,,,,0.0645065437,0.05711003393,0.05480159785,0.03494486658
2000-07-31,-0.02008170412,0.004297851074,-0.02008170412,-0.02057166327,0.004503337222,-0.02008170412,-0.009879233114,-0.01524105554,-0.05429184127,-0.04999725358,-0.02620485071,-0.0518861211,0.04498040815,0.00870506396,,,,,,,,,,,,,,,,,,-0.005476486959,-0.02072569407,-0.01238824524,0.01133452301
2000-08-31,0.07521035057,0.07521035057,0.07521035057,0.004497751124,0.04646708994,0.07521035057,0.04646708994,0.09561923131,0.05157473897,0.1168924215,0.05970225738,0.1061318591,0.06943719013,0.05519189181,,,,,,,,,,,,,,,,,,0.08540968872,0.0776517651,0.07683768799,0.08008374724
2000-09-30,-0.04937926133,-0.04937926133,-0.04937926133,-0.04937926133,-0.0275828285,-0.04937926133,-0.0275828285,-0.07266868161,-0.06627673714,-0.04160782647,-0.05130336457,-0.07372399725,0.01571163662,0.01991812915,,,,,,,,,,,,,,,,,,-0.06102979383,-0.06199136442,-0.05778873081,-0.0354624878
2000-10-31,-0.0222815207,-0.0222815207,-0.0222815207,-0.0222815207,-0.01017035537,-0.0222815207,-0.01017035537,-0.05239423275,0.03569475193,-0.07766238823,0.02309255288,-0.09059694775,0.02606131254,0.01980017843,,,,,,,,,,,,,,,,,,-0.03734540491,-0.01466971163,-0.01720782918,-0.01621890235
2000-11-30,-0.101974876,-0.1024238886,-0.101974876,-0.101974876,-0.05300828695,-0.101974876,-0.05278597757,-0.1470749102,-0.0899469065,-0.1314945455,-0.06491167903,-0.2096422108,0.002044346801,0.008475659805,,,,,,,,,,,,,,,,,,-0.1247605621,-0.1060138354,-0.1048175831,-0.0825129937
2000-12-31,0.01671522781,0.005,0.01620687019,0.01620687019,0.005,0.01671522781,0.01122339457,0.03539512954,-0.01703878992,0.07754201336,0.005667832912,0.02692595129,0.08737369628,0.1154417195,,,,,,,,,,,,,,,,,,0.02018996599,0.0205240494,0.01534764055,0.04257468058
2001-01-31,0.03781346867,0.0054,0.0054,0.0054,0.0054,0.03729456193,0.0054,-0.0580870583,0.1868043141,0.04048871028,0.0253146245,0.07574555451,-0.007169803535,0.03376784275,0.06371667191,0.006017130819,0.006017130819,0.006017130819,0.006017130819,0.006017130819,,,,,,,,,,,,-0.02635940091,-0.01640706732,-0.00914046557,-0.01996499887
2001-02-28,-0.0965753262,0.0038,0.0038,0.0038,0.0038,0.0038,0.0038,-0.03172028737,-0.1752394155,-0.04000984035,-0.05625029775,-0.1457818915,0.01070972641,0.001990619249,-0.09538758606,0.003806847758,0.003806847758,0.003806847758,0.003806847758,0.003806847758,,,,,,,,,,,,-0.01396902376,-0.04399142506,-0.02806748066,-0.005745514796
2001-03-31,-0.06837767728,0.0042,0.0042,0.0042,0.0042,0.0042,0.0042,-0.0318201615,-0.117512167,-0.01454193661,-0.06596523886,-0.102437001,-0.01300536544,0.004017022619,-0.0560371459,0.004409252332,0.004409252332,0.004409252332,0.004409252332,0.004409252332,,,,,,,,,,,,-0.01381908579,-0.04890123645,-0.03120693183,-0.01354793509
2001-04-30,0.08310969193,0.0039,0.0039,0.0039,0.0039,0.0039,0.0039,0.03948996896,0.136867248,0.06845346733,0.06680928807,0.1186456309,0.04667470028,0.06452574213,0.08544006163,0.004007609128,0.004007609128,0.004007609128,0.004007609128,0.004007609128,,,,,,,,,,,,0.02168608699,0.05314279868,0.03672214131,0.03001284923
2001-05-31,0.009915794732,0.0032,0.0032,0.0032,0.0032,0.0032,0.0032,0.02141275101,-0.01863677604,0.05946479542,0.01177927956,-0.009244936546,0.04593001141,0.0375710038,-0.005605609842,0.002202311541,0.002202311541,0.002202311541,0.002202311541,0.002202311541,,,,,,,,,,,,0.01230182232,0.01659360692,0.01212758283,0.02350678222
2001-06-30,-0.01668198758,0.0028,0.0028,0.0028,0.0028,0.0028,0.0028,-0.02183274827,-0.02013488802,0.05566957839,-0.01696171248,-0.02956144833,-0.01232664901,0.00946674573,-0.02382935476,0.002102101331,0.002102101331,0.002102101331,0.002102101331,0.002102101331,,,,,,,,,,,,-0.009522532323,-0.01939844814,-0.0120030863,-0.01045755014
2001-07-31,-0.01838184585,0.003,0.003,0.003,0.003,0.003,0.003,0.002636414141,-0.03002242712,-0.01783778298,0.001722481277,-0.06423096344,-0.002891590968,0.006997777263,-0.01019575714,0.002102101331,0.002102101331,0.002102101331,0.002102101331,0.002102101331,,,,,,,,,,,,0.002818116174,0.002179219226,0.002452721645,0.0009136722137
2001-08-31,-0.06097829422,0.0031,0.0031,0.0031,0.0031,0.0031,0.0031,-0.03142066497,-0.09154489262,-0.03012230125,-0.04830661661,-0.09147158233,-0.07391691665,-0.03779725741,-0.05933248929,0.002302531772,0.002302531772,0.002302531772,0.002302531772,0.002302531772,,,,,,,,,,,,-0.01416896265,-0.03986786228,-0.02555197467,-0.03409247312
2001-09-30,-0.08967590146,0.0028,0.0028,0.0028,0.0028,0.0028,0.0028,-0.05738793937,-0.159758925,-0.09993431973,-0.06351226371,-0.1422133825,-0.08214248002,-0.1626828303,-0.08163047268,0.003004203642,0.003004203642,0.003004203642,0.003004203642,0.003004203642,,,,,,,,,,,,-0.02730901667,-0.06045163262,-0.03938078994,-0.04559293207
2001-10-31,0.02691437742,0.0022,0.0022,0.0022,0.0022,0.0022,0.0022,-0.005852887104,0.04388443078,0.05387184401,0.00847765897,0.04423272054,-0.05243589141,0.01321118131,0.01302182946,0.002302531772,0.002302531772,0.002302531772,0.002302531772,0.002302531772,,,,,,,,,,,,-0.001828456774,0.001308803296,0.00160577024,-0.01870750605
2001-11-30,0.07691020884,0.0017,0.0017,0.0017,0.0017,0.0017,0.0017,0.04218657053,0.1188899041,0.05666831971,0.06701320287,0.1026922962,0.1220052273,0.1117555096,0.0779773162,0.002102101331,0.002102101331,0.002102101331,0.002102101331,0.002102101331,,,,,,,,,,,,0.02193316362,0.05459368004,0.0369548356,0.05527502994
2001-12-31,0.01751516111,0.0015,0.0015,0.0015,0.0015,0.0015,0.0015,0.02700570242,-0.008249866279,0.05896542476,0.00968115615,0.002454175575,0.02338842926,0.03424314417,0.005639207763,0.00200190114,0.00200190114,0.00200190114,0.00200190114,0.00200190114,,,,,,,,,,,,0.01424647479,0.01833909815,0.01272419394,0.01729277788
2002-01-31,-0.01308228772,0.0008995502249,0.0014,0.0014,0.001163166422,0.0014,0.0014,-0.02093388108,-0.02502872051,0.01422181349,-0.0009583986543,-0.04911427917,-0.02577203154,0.0429022764,-0.009798797546,0.002102101331,0.002102101331,0.002102101331,0.002102101331,0.002102101331,,,,,,,,,,,,-0.01002262379,-0.01095113374,-0.007002221938,-0.01527417691
2002-02-28,-0.02178156239,-0.02227067161,0.0013,0.0007996001999,-0.009851681745,0.0013,0.0013,0.001238176289,-0.06068378574,-0.01993513976,-0.004131073114,-0.08102394734,-0.05007587742,0.02454469618,-0.01793602874,0.001901710969,0.001901710969,0.001901710969,0.001901710969,0.001901710969,,,,,,,,,,,,-0.01052212487,-0.001447790725,-0.008392483749,-0.02371158194
2002-03-31,0.04361298511,0.0013,0.0013,0.04309117862,0.0013,0.0013,0.0013,0.0386909759,0.04598178756,0.08363433544,0.02841233028,0.06102670403,0.04846295315,0.121812058,0.03327082008,0.00200190114,0.00200190114,0.00200190114,0.00200190114,0.00200190114,,,,,,,,,,,,0.01998614021,0.03354908343,0.02279393503,0.02947524814
2002-04-30,-0.05067915295,0.0009995002499,0.0009995002499,0.0015,0.001217372274,0.0015,0.001217372274,-0.001857921812,-0.09773708882,0.005832386375,-0.05911410126,-0.08251032633,-0.0729163347,0.008720057696,-0.05815575349,-0.05894319308,-0.05894319308,0.002202311541,-0.03241245483,-0.05364527138,,,,,,,,,,,,-0.0004299251366,-0.03050032558,-0.02000388203,-0.02460769367
2002-05-31,-0.01228235442,-0.01277621324,-0.01277621324,0.0008995502249,-0.006603438651,0.0008995502249,-0.006603438651,-0.01064684545,-0.01823727951,-0.02832456687,-0.004864766577,-0.02469048341,-0.02341001839,-0.007795542102,-0.005933617208,0.01385873034,0.01385873034,0.002202311541,0.008620132316,0.009857584391,,,,,,,,,,,,-0.01171206169,-0.007757251536,-0.009430796594,-0.01561362536
2002-06-30,-0.07107745217,0.0013,0.0013,-0.07154191345,0.0013,-0.07154191345,0.0013,-0.05319322581,-0.08225659831,-0.01663929339,-0.07494948525,-0.1264089855,-0.1151686817,-0.07070051046,-0.07380755763,0.00200190114,0.00200190114,0.00200190114,0.00200190114,0.00200190114,,,,,,,,,,,,-0.02596023621,-0.06407679459,-0.04229543065,-0.05570712963
2002-07-31,-0.08047666848,0.0015,0.0015,0.0015,0.0015,0.0015,0.0015,-0.06987220591,-0.0862515636,-0.1311949231,-0.0533265193,-0.09849564768,-0.1362968544,-0.1555743003,-0.07881968253,0.002202311541,0.002202311541,0.002202311541,0.002202311541,0.002202311541,,,,,,,,,,,,-0.03420394601,-0.06160349903,-0.04058026382,-0.0682462611
2002-08-31,0.00631609487,0.0014,0.0014,0.0014,0.0014,0.0014,0.0014,0.01062634473,-0.00395527859,0.004434148523,-0.000587553593,0.009811101858,0.06262403666,0.04069944674,0.006801167645,0.002202311541,0.002202311541,0.002202311541,0.002202311541,0.002202311541,,,,,,,,,,,,0.006010865776,0.005016592092,0.003810659239,0.02487088027
2002-09-30,-0.1020748677,0.0014,0.0014,0.0014,0.0014,0.0014,0.0014,-0.05898592549,-0.1500711341,-0.04670140721,-0.1008656575,-0.1123988389,-0.09218128582,-0.1080134212,-0.1048523119,0.00200190114,0.00200190114,0.00200190114,0.00200190114,0.00200190114,,,,,,,,,,,,-0.02880805922,-0.07993626142,-0.05283526673,-0.04993951124
2002-10-31,0.0797099754,0.0014,0.0014,0.0014,0.0014,0.0014,0.0014,0.04248619293,0.1259809675,0.04428392731,0.07164226885,0.08699685372,0.07871131541,-0.01834063637,0.08228384076,0.002302531772,0.002302531772,0.002302531772,0.002302531772,0.002302531772,,,,,,,,,,,,0.02193282492,0.05705694187,0.03849711743,0.04085268084
2002-11-30,0.06071155946,0.0012,0.0012,0.0012,0.0012,0.0012,0.0012,-0.01793765711,0.1091022392,0.03639387086,0.03780540586,0.1112497209,0.08212688839,0.1276861038,0.06168106367,0.00200190114,0.00200190114,0.00200190114,0.00200190114,0.00200190114,,,,,,,,,,,,-0.00837361297,0.00991993861,0.007012321976,0.02177630027
2002-12-31,-0.05657866106,0.0011,0.0011,0.0011,0.0011,0.0011,0.0011,-0.008849111073,-0.1048281522,-0.01594017447,-0.03604274045,-0.09060294525,-0.06804736894,-0.01179662046,-0.05656973935,0.002102101331,0.002102101331,0.002102101331,0.002102101331,0.002102101331,,,,,,,,,,,,-0.003877042814,-0.02245272417,-0.01460443233,-0.02527975396
2003-01-31,-0.02478131227,0.001,0.001,0.001,0.001,0.001,0.001,-0.01763803472,-0.02892381166,-0.01124609025,-0.0244076016,-0.00650708042,-0.0556065667,-0.03413728655,-0.02459486811,0,0,0,0,0,,,,,,,,,,,,-0.008323676866,-0.02102451055,-0.01368677273,-0.02409204215
2003-02-28,-0.0179818792,0.0009,0.0009,0.0009,0.0009,0.0009,0.0009,-0.01504130728,-0.01434218835,-0.02053438455,-0.02099502737,-0.02910763793,-0.04380249843,-0.04384123225,-0.01347892669,0,0,0,0,0,,,,,,,,,,,,-0.007074638965,-0.01801965575,-0.01171631559,-0.01932276453
2003-03-31,0.01181563633,0.001,0.001,0.001,0.001,0.001,0.001,0.01342282043,-0.002557040738,0.02341023366,0.01423625303,-0.003883176685,-0.0156792483,0.008881490249,0.002139800841,0,0,0,0,0,,,,,,,,,,,,0.00720830451,0.01382933337,0.00955017348,-0.0004238961021
2003-04-30,0.08270972528,0.001,0.001,0.001,0.001,0.001,0.001,0.0479792702,0.1456561716,0.07334729981,0.06674431521,0.111718525,0.1140485515,0.0680270293,0.08461182553,0,0,0,0,0,,,,,,,,,,,,0.02447789028,0.05735710145,0.03856200363,0.05432270527
2003-05-31,0.06131150943,0.0003998000999,0.0009,0.0009,0.0006663008053,0.0009,0.0009,0.03489575887,0.1363678773,0.07774176163,0.04563913294,0.1009040433,0.08338836135,0.1187203497,0.05483618711,0.05442377929,0,0,0.02446481814,0.03960463458,,,,,,,,,,,,0.0176391555,0.04026476006,0.02696937116,0.03954669776
2003-06-30,0.0151153612,0.0151153612,0.001,0.0004997501249,0.007579246401,0.001,0.001,0.01512068068,0.02281098887,0.02770482135,0.01219810457,0.01092963454,0.007463082859,0.05306078218,0.01065157457,0.01065157457,0,0.005995919595,0.005033598258,0.01065157457,,,,,,,,,,,,0.01511801961,0.01365866198,0.01414406661,0.01256467382
2003-07-31,0.02391462753,0.02391462753,0.00019990005,0.02391462753,0.01097640582,0.0007,0.000466233622,0.0260069611,0.03829147937,0.07494528593,-0.001795049103,0.0454772006,0.009109395031,0.01978043668,0.01802726206,0.01802726206,0.008224199397,0.01802726206,0.009687832467,0.01802726206,,,,,,,,,,,,0.02496027123,0.0120990055,0.0160362341,0.01967347202
2003-08-31,0.02391462753,0.02391462753,0.02391462753,0.02391462753,0.01152723406,0.00019990005,0.01152723406,0.01861627531,0.02740519895,0.05147486484,0.008531636418,0.02438201414,0.04100706821,0.04409702723,0.02062585745,0.02062585745,0.02062585745,0.02062585745,0.01367120343,0.02062585745,,,,,,,,,,,,0.02126412683,0.0135714347,0.01701801668,0.02784160332
2003-09-30,-0.01168240444,-0.01168240444,-0.01168240444,-0.01168240444,-0.005631712979,-0.01168240444,-0.005631712979,-0.01554067794,-0.009548229999,-0.006651880162,-0.004723825462,-0.03141567363,-0.03464732345,0.02075253054,-0.01090619072,-0.01090619072,-0.01090619072,-0.01090619072,-0.008180208653,-0.01090619072,,,,,,,,,,,,-0.01361250576,-0.01013495591,-0.01065094433,-0.02062814323
2003-10-31,0.0614115011,0.0614115011,0.0614115011,0.0614115011,0.03186806024,0.0614115011,0.03186806024,0.09731709156,0.04747989954,0.09891507768,0.0449894044,0.07020786815,0.06902636178,0.09288089538,0.05352682878,0.05352682878,0.05352682878,0.05352682878,0.03795686185,0.05352682878,,,,,,,,,,,,0.07935531993,0.07114016606,0.06789619532,0.07591118522
2003-11-30,0.01411544457,0.01411544457,0.01411544457,0.01411544457,0.009488141759,0.01411544457,0.009488141759,0.02480847151,0.005532763978,0.0386909759,0.014181276,0.01789872286,0.02587139188,0.0333964979,0.01092111591,0.01092111591,0.01092111591,0.01092111591,0.008293010865,0.01092111591,,,,,,,,,,,,0.01945928478,0.01949221696,0.01769936178,0.02159594166
2003-12-31,0.04361298511,0.04361298511,0.04361298511,0.04361298511,0.03018478681,0.04361298511,0.03018478681,0.008029617285,0.07015132757,0.009228106873,0.04970343488,0.05166261633,0.05646461007,0.03150978617,0.05031294252,0.05031294252,0.05031294252,0.05031294252,0.04149211529,0.05031294252,,,,,,,,,,,,0.02581240536,0.02885610763,0.03377342829,0.03602640211
2004-01-31,0.0221147776,0.0221147776,0.0221147776,0.0221147776,0.01610494935,0.0221147776,0.01610494935,0.02181224754,0.01062634473,0.0677543484,0.01556069968,0.03603014757,0.03053644283,0.0448247232,0.01976998666,0.01976998666,0.01976998666,0.01976998666,0.01976149894,0.01976998666,,,,,,,0.01853074992,0,0,0,0,0.02196343694,0.01868491073,0.01982781876,0.0248192509
2004-02-29,0.01451541122,0.01451541122,0.01451541122,0.01451541122,0.01253089242,0.01451541122,0.01253089242,0.003635155464,0.0133229463,-0.001158802886,0.01141843032,0.004011524916,0.02920999702,0.02963806817,0.0135706202,0.0135706202,0.0135706202,0.0135706202,0.01353459605,0.0135706202,,,,,,,0.01827901305,0.00473194144,0.00473194144,0.00473194144,0.008446545337,0.00907256328,0.007524847072,0.00985425861,0.01578238019
2004-03-31,-0.01238234608,-0.01238234608,-0.01238234608,-0.01238234608,-0.01193849903,-0.01238234608,-0.01193849903,-0.006851628427,-0.02173287414,-0.0030564114,-0.0151684617,-0.01753447319,-0.004923741938,0.02252329072,-0.01324559223,-0.01324559223,-0.01324559223,-0.01324559223,-0.01328279818,-0.01324559223,,,,,,,-0.005443978638,0.01355275472,0.02318980291,0.01355275472,0.0144467706,-0.009618369934,-0.01101212427,-0.01146901735,-0.008054015407
2004-04-30,-0.01738192922,-0.01738192922,-0.01738192922,-0.01738192922,-0.01738484477,-0.01738192922,-0.01738484477,-0.05549033086,0.00693100183,-0.06487849929,0.001402614916,-0.03170255377,-0.03683540927,-0.05490036175,-0.01892131122,-0.01892131122,-0.01892131122,-0.01892131122,-0.01526634351,-0.01892131122,,,,,,,-0.01651949507,-0.0553386505,-0.05962584948,-0.0553386505,-0.05811945445,-0.03644565714,-0.02705808121,-0.02383377076,-0.03657561888
2004-05-31,0.01231559464,0.01231559464,0.01231559464,0.01231559464,0.01224314007,0.01231559464,0.01224314007,0.01492093241,0.005932260507,0.01701828919,0.004462336568,0.02150121774,0.01079469092,0.01295253937,0.01712330899,0.01712330899,0.01712330899,0.01712330899,0.01421076238,0.01712330899,,,,,,,0.01565976253,0.02689247023,0.02947001177,0.02689247023,0.02698582329,0.01361761219,0.009689019842,0.01056425322,0.0126763247
2004-06-30,0.01921501938,0.01921501938,0.01921501938,0.01921501938,0.01921501938,0.01921501938,0.01921501938,0.03639387086,0.01442156175,0.04498304624,0.01726998554,0.01660026535,0.02631920479,0.04846670158,0.01850140186,0.01850140186,0.01850140186,0.01850140186,0.01392806612,0.01850140186,,,,,,,0.02291400898,0.05442379631,0.05790133713,0.05442379631,0.05135895243,0.0278001504,0.02682714723,0.02428892496,0.02730633684
2004-07-31,-0.03948008671,-0.03948008671,-0.03948008671,-0.03948008671,-0.03948008671,-0.03948008671,-0.03948008671,-0.07137031789,-0.02572783943,-0.07646389864,-0.02770022594,-0.0671027636,-0.02217153583,-0.00882161341,-0.03221864909,-0.03221864909,-0.03221864909,-0.03221864909,-0.02661141608,-0.03221864909,,,,,,,-0.02934516066,-0.04303880697,-0.04042376551,-0.04303880697,-0.04146873426,-0.05543317486,-0.04954618944,-0.04619193911,-0.0443496567
2004-08-31,0.001716478379,0.00121562014,0.001716478379,0.001716478379,0.00121562014,0.001716478379,0.001716478379,-0.008149992147,0.004933519184,-0.02452934984,0.007139218169,-0.01612606162,0.001212694265,-0.004855020649,0.002435980791,0.002435980791,0.002435980791,0.002435980791,0.002372521732,0.002435980791,,,,,,,0.01014826093,0.006344343732,-0.008035755045,0.006344343732,-0.0002763349769,-0.003469527407,-0.0005092092915,6.554262923e-05,-0.001909306836
2004-09-30,0.01701520279,0.0011,0.01701520279,0.01650669519,0.0011,0.01701520279,0.01701520279,0.05906529889,-0.008449614544,0.07354704807,0.006160627023,0.03707870948,0.02635319059,0.04512359833,0.01003696779,0.01003696779,0.01003696779,0.01003696779,0.009006903186,0.01003696779,,,,,,,0.0162924962,0.04178040955,0.03789506575,0.04178040955,0.04416547737,0.03006815812,0.03259973679,0.02209632309,0.02882942123
2004-10-31,0.01521535286,0.0005997001499,0.01521535286,0.0011,0.0005997001499,0.01521535286,0.01521535286,0.01462131002,0.02510809391,0.006831127698,0.01157736392,0.0256664775,0.02526764413,-0.00351308131,0.01288470074,0.01288470074,0.01288470074,0.01843751239,0.0111235126,0.01288470074,,,,,,,0.02433413399,0.02245452739,0.02279775836,0.02245452739,0.02085172155,0.007606999681,0.01309857598,0.008930013664,0.01349191926
2004-11-30,0.04671272666,0.04671272666,0.04671272666,0.0009995002499,0.04671272666,0.04671272666,0.04671272666,0.06655585881,0.02071363209,0.09751683982,0.03695076293,0.0580959285,0.06254307049,0.06118388836,0.04451747282,0.04451747282,0.04451747282,0.002102101331,0.03870909388,0.04451747282,,,,,,,0.04184210252,0.06047292371,0.05859403535,0.06047292371,0.06000337761,0.05662933195,0.0517459096,0.05006762189,0.0585999216
2004-12-31,0.03571364375,0.03571364375,0.03571364375,0.03571364375,0.03571364375,0.03571364375,0.03571364375,0.01212445671,0.04388443078,0.02960242986,0.0364249826,0.04689760715,0.03722864683,0.02611628957,0.03012100224,0.03012100224,0.03012100224,0.01813644636,0.02759203874,0.03012100224,,,,,,,0.03980353932,0.02020901701,0.01889948727,0.02020901701,0.01963181398,0.02391315293,0.02426864453,0.02808237327,0.02835017205
2005-01-31,-0.02598121223,-0.02598121223,-0.02598121223,-0.02598121223,-0.02598121223,-0.02598121223,-0.02598121223,-0.01713866405,-0.03691374225,-0.02462922398,-0.01961760286,-0.04991194591,-0.01698270371,-0.01436854591,-0.02242077215,-0.02242077215,-0.02242077215,-0.02242077215,-0.02218541945,-0.02242077215,,,,,,,-0.02105210937,-0.01638080632,-0.01223181785,-0.01638080632,-0.01748626745,-0.02156214878,-0.01837875319,-0.02091418262,-0.02003617567
2005-02-28,0.02031492767,0.02031492767,0.02031492767,0.02031492767,0.02031492767,0.02031492767,0.02031492767,0.04148745161,0.007530246624,0.03429651408,0.02869521209,0.01114054642,0.0302205748,0.03891269324,0.02090379726,0.02090379726,0.02090379726,0.02090379726,0.02090379726,0.02090379726,,,,,,,0.02079303492,0.03883174507,0.0367638876,0.03883174507,0.03986620463,0.03089589651,0.03508813379,0.03016208993,0.03067071365
2005-03-31,-0.01738192922,-0.01738192922,-0.01738192922,-0.01738192922,-0.01738192922,-0.01738192922,-0.01738192922,-0.01743828645,-0.02492884637,-0.03391751828,-0.01782135333,-0.01060236941,0.001601531809,-0.03369522124,-0.01829279447,-0.01829279447,-0.01829279447,-0.01829279447,-0.01829279447,-0.01829279447,,,,,,,-0.01468802541,-0.0213897112,-0.02269155303,-0.0213897112,-0.02125366097,-0.01741012193,-0.01762991566,-0.01754728106,-0.01107711943
2005-04-30,-0.02408137063,-0.02408137063,-0.02408137063,-0.02408137063,-0.02408137063,-0.02408137063,-0.02408137063,-0.03981009209,-0.01444206248,-0.06238164598,-0.02203959095,-0.02815403634,-0.02230747903,-0.01419236951,-0.01873516354,-0.01873516354,-0.01873516354,-0.01873516354,-0.01841419568,-0.01873516354,,,,,,,-0.02110084519,-0.02930979087,-0.03601457087,-0.02930979087,-0.0283039713,-0.03194966354,-0.03092928414,-0.02864740669,-0.02873667295
2005-05-31,0.03881338529,0.03881338529,0.03881338529,0.03881338529,0.03881338529,0.03881338529,0.03881338529,0.03958984309,0.03749248631,0.0705508241,0.02918500746,0.05545603145,0.04082214547,0.04894425206,0.03222465107,0.03222465107,0.03222465107,0.03222465107,0.02746383147,0.03222465107,,,,,,,0.03961603142,0.04178935397,0.05829063696,0.04212156023,0.04512012064,0.03920142008,0.03438482407,0.03586051937,0.03974143117
2005-06-30,0.008015953138,0.008015953138,0.008015953138,0.008015953138,0.008015953138,0.008015953138,0.008015953138,0.02860368854,-0.004954019913,0.03968971722,0.005300986181,-0.003047525819,0.02907805214,0.05325570075,0.001514955453,0.001514955453,0.001514955453,0.001514955453,0.001525893564,0.001514955453,,,,,,,-0.007279293368,0.0120955121,0.005206363308,0.0121589557,0.01328382491,0.0183046739,0.01694651168,0.0139686659,0.02189460351
2005-07-31,0.04151316019,0.04151316019,0.04151316019,0.04151316019,0.04151316019,0.04151316019,0.04151316019,0.04598178756,0.03789198284,0.06296039005,0.03706171658,0.04211260632,0.03916383831,0.0601545684,0.03826143075,0.03826143075,0.03826143075,0.03826143075,0.03379551914,0.03826143075,,,,,,,0.05037806047,0.04664855267,0.03511283913,0.04664855267,0.04468541121,0.04374635672,0.04151952205,0.04151740048,0.04221834129
2005-08-31,-0.009082621208,-0.009082621208,-0.009082621208,-0.009082621208,-0.009082621208,-0.009082621208,-0.009082621208,0.01132546365,-0.01713866405,-0.008948985205,-0.01248458303,0.00620560823,0.004678246361,0.01431971816,-0.00937446249,-0.00937446249,-0.00937446249,-0.00937446249,-0.00933725438,-0.00937446249,,,,,,,-0.01025872222,0.009104977156,0.009888173022,0.009104977156,0.006511139029,0.0011163192,-0.0005855121986,-0.003418826653,0.002303233051
2005-09-30,0.007615986487,0.007615986487,0.007615986487,0.007615986487,0.007615986487,0.007615986487,0.007615986487,0.03339764689,-0.006951502559,0.01601954787,0.006714395659,0.003818605518,0.01940409392,0.01852970923,0.008025417143,0.008025417143,0.008025417143,0.008025417143,0.008025417143,0.008025417143,,,,,,,0.01708931635,0.04438130885,0.03877822951,0.04438130885,0.04270924006,0.02050037127,0.02004935046,0.01590351358,0.02013482296
2005-10-31,-0.01778189588,-0.01778189588,-0.01778189588,-0.01778189588,-0.01778189588,-0.01778189588,-0.01778189588,-0.0315205391,0.0006389314954,-0.0318201615,-0.0217247225,-0.005494503474,-0.02140285698,-0.06638456366,-0.0236508695,-0.0236508695,-0.0236508695,-0.0236508695,-0.0236508695,-0.0236508695,,,,,,,-0.008199553444,-0.03539856214,-0.03577622428,-0.03539856214,-0.03622959865,-0.02465465215,-0.02662507976,-0.0236783341,-0.02357108136
2005-11-30,0.03911336028,0.03911336028,0.03911336028,0.03911336028,0.03911336028,0.03911336028,0.03911336028,0.03699311565,0.03379714342,0.04927763392,0.02771662095,0.04559515132,0.02763765394,-0.02140560583,0.04395244394,0.04395244394,0.04395244394,0.04395244394,0.0386122816,0.04395244394,,,,,,,0.04370597429,0.05131421489,0.06418210462,0.05131421489,0.05220295304,0.03805270791,0.03235254918,0.03460540194,0.03457906205
2005-12-31,0.0007165617506,0.0007165617506,0.0007165617506,0.0007165617506,0.0007165617506,0.0007165617506,0.0007165617506,0.009228106873,-0.005053894046,-0.0007593063568,-0.00373823724,-0.004061102348,0.000339059269,-0.005712912223,-0.00191355409,-0.00191355409,-0.00191355409,-0.00191355409,-0.001780303986,-0.00191355409,,,,,,,0.001497214275,0.009273907053,0.009167913316,0.009273907053,0.009694150076,0.004970206426,0.00274169323,0.002066424029,0.003425975898
2006-01-31,0.03371381049,0.03371381049,0.03371381049,0.03371381049,0.03371381049,0.03371381049,0.03371381049,0.05427134054,0.02690582829,0.1069050083,0.02603732256,0.03199283435,0.04212460131,0.1142329745,0.02401412611,0.02401412611,0.02401412611,0.02401412611,0.02223736548,0.02401412611,,,,,,,0.03005668612,0.05857478677,0.06093307172,0.05857478677,0.05956637172,0.04398743613,0.04014727304,0.03800206991,0.04336628364
2006-02-28,0.0003165950992,0.0003165950992,0.0003165950992,0.0003165950992,0.0003165950992,0.0003165950992,0.0003165950992,-0.02123350348,0.008029617285,-0.01254445397,-0.002790633148,-0.007332735462,-0.007669594723,-0.05899115262,0.005725456549,0.005725456549,0.005725456549,0.005725456549,0.005229669438,0.005725456549,,,,,,,0.01438221452,0.007740980708,-0.001628632443,0.007740980708,0.009809098306,-0.01046384171,-0.01201667903,-0.007906957506,-0.009532735924
2006-03-31,0.01831509441,0.01831509441,0.01831509441,0.01831509441,0.01831509441,0.01831509441,0.01831509441,0.02540771631,0.02091338035,0.05177448723,0.01137144995,0.01069673184,0.01524083332,0.03825596762,0.01650393137,0.01650393137,0.01650393137,0.01650393137,0.01650393137,0.01650393137,,,,,,,0.01372070334,0.0316249531,0.02508512972,0.0316249531,0.03422537031,0.0218596322,0.01838607406,0.0183624059,0.01965263029
2006-04-30,0.0108157197,0.0108157197,0.0108157197,0.0108157197,0.0108157197,0.0108157197,0.0108157197,0.0102268482,0.00822936555,0.006431631169,0.01140343658,-0.0009973823669,0.03126913671,0.05301155275,0.01263189781,0.01263189781,0.01263189781,0.01263189781,0.01263189781,0.01263189781,,,,,,,0.0211378217,0.03257865837,0.02622679833,0.03257865837,0.03368026787,0.01052113673,0.01081484824,0.01081513866,0.01743262423
2006-05-31,-0.03138076202,-0.03138076202,-0.03138076202,-0.03138076202,-0.03138076202,-0.03138076202,-0.03138076202,-0.05688856871,-0.01124609025,-0.07057132483,-0.02335704052,-0.02184867072,-0.01666383694,-0.01593189274,-0.03012093032,-0.03012093032,-0.03012093032,-0.03012093032,-0.03012093032,-0.03012093032,,,,,,,-0.02497707643,-0.05013648618,-0.04998200381,-0.05149044599,-0.05139119419,-0.04414104232,-0.0401311875,-0.03721535034,-0.03498502617
2006-06-30,0.000416586762,0.000416586762,0.000416586762,0.000416586762,0.000416586762,0.000416586762,0.000416586762,0.005732512243,-0.008050118015,-0.006951502559,0.007405107081,-0.00402011947,0.007357127127,0.03054843782,0.002608242382,0.002608242382,0.002608242382,0.002608242382,0.003330838867,0.002608242382,,,,,,,0.007788602086,0.004886023707,0.001450402779,0.0002127839072,0.002626089495,0.003073220521,0.006568391513,0.004516701534,0.004500713548
2006-07-31,-0.003783063077,-0.003783063077,-0.003783063077,-0.003783063077,-0.003783063077,-0.003783063077,-0.003783063077,-0.0259275877,0.002037169348,-0.05139549143,0.004963127338,-0.0186280163,0.006775370184,-0.005062933783,0.004478307605,0.004478307605,0.004478307605,0.004478307605,0.004942282016,0.004478307605,,,,,,,-0.0004903816612,-0.02320673924,-0.02055034707,-0.01784093635,-0.02262649666,-0.01486086152,-0.01048995286,-0.008255067283,-0.007651187694
2006-08-31,0.02441458584,0.02441458584,0.02441458584,0.02441458584,0.02441458584,0.02441458584,0.02441458584,0.001637672818,0.04048871028,0.01502080655,0.02109938562,0.03602914798,0.002117316315,0.02206648157,0.02182245789,0.02182245789,0.02182245789,0.02182245789,0.01652616431,0.02182245789,,,,,,,0.02023099101,-0.006598496194,-0.001544540907,-0.006692537306,-0.007238784953,0.0130204351,0.01136366379,0.01571252158,0.009384850083
2006-09-30,0.02241475259,0.02241475259,0.02241475259,0.02241475259,0.02241475259,0.02241475259,0.02241475259,0.01971489076,0.02950255573,0.005432889846,0.02057360529,0.02029172306,0.02123432924,-0.003536571496,0.02700156136,0.02700156136,0.02700156136,0.009295279034,0.02247057217,0.02700156136,,,,,,,0.03876977476,0.0519239158,0.05143014413,0.05229116318,0.05279820574,0.02106414671,0.02014403335,0.02090057833,0.02112085539
2006-10-31,0.03621360206,0.03621360206,0.03621360206,0.03621360206,0.03621360206,0.03621360206,0.03621360206,0.04088820681,0.03849122764,0.05367209575,0.03636500766,0.03810827932,0.04213559671,0.0334534741,0.03151663674,0.03151663674,0.03151663674,0.03508172412,0.03208523048,0.03151663674,,,,,,,0.03821917513,0.04357262989,0.04478566902,0.04357262989,0.04354900067,0.03854973578,0.03862547644,0.0378212502,0.03974462446
2006-11-30,0.02111486097,0.02111486097,0.02111486097,0.02111486097,0.02111486097,0.02111486097,0.02111486097,0.02191212167,0.0294026816,0.02271111473,0.02329047019,0.0254335748,0.01880534407,0.03166447154,0.0198853748,0.0198853748,0.0198853748,0.0198853748,0.0198853748,0.0198853748,,,,,,,0.01964036229,0.02867979745,0.03296118807,0.02867979745,0.02729605914,0.02151329201,0.02260095135,0.02210542273,0.02061017376
2006-12-31,0.0124155863,0.0124155863,0.0124155863,0.0124155863,0.0124155863,0.0124155863,0.0124155863,0.009128232741,-0.001857921812,0.005732512243,0.005130057594,0.01558968757,0.03206980219,-0.006660016524,0.01337120347,0.01337120347,0.01337120347,0.01337120347,0.01337120347,0.01337120347,,,,,,,0.01377290194,0.001874415921,-0.006418982789,0.001874415921,-0.0007088821345,0.01077108768,0.007128145624,0.008890038468,0.01786647421
2007-01-31,0.01811511109,0.01811511109,0.01811511109,0.01811511109,0.01811511109,0.01811511109,0.01811511109,0.0226112406,0.01831665291,0.0198147649,0.01730597051,0.02036569216,0.01165533134,0.01951479766,0.01504028699,0.01504028699,0.01504028699,0.01504028699,0.01504028699,0.01504028699,,,,,,,0.0137972637,0.01106070302,0.01431455898,0.01106070302,0.0129987342,0.02036205181,0.01995727924,0.01934301835,0.01745862593
2007-02-28,-0.01588205428,-0.01588205428,-0.01588205428,-0.01588205428,-0.01588205428,-0.01588205428,-0.01588205428,-0.02742569968,-0.007550747353,-0.007750495618,-0.01935171394,-0.01027450639,-0.0132802506,-0.02063442803,-0.01961743877,-0.01961743877,-0.01961743877,-0.01961743877,-0.01961743877,-0.01961743877,,,,,,,-0.01631245108,-0.01896159438,-0.01955015532,-0.01896159438,-0.01943167717,-0.02165676289,-0.02339072531,-0.02088866904,-0.01886552253
2007-03-31,0.01131567801,0.01131567801,0.01131567801,0.01131567801,0.01131567801,0.01131567801,0.01131567801,0.02800444375,-0.005553264707,0.01751765985,0.01185924615,0.01020393773,0.003856589648,0.00259061857,0.0115889386,0.0115889386,0.0115889386,0.0115889386,0.01049018328,0.0115889386,,,,,,,0.01183024983,0.02691501406,0.02128923648,0.02691501406,0.02688233118,0.01965588869,0.01992780865,0.01705614108,0.01438769973
2007-04-30,0.03921335195,0.03921335195,0.03921335195,0.03921335195,0.03921335195,0.03921335195,0.03921335195,0.03719286392,0.04967713045,0.02620670936,0.04892575979,0.03766646391,0.0384501365,0.0306004161,0.04429572285,0.04429572285,0.04429572285,0.04429572285,0.03569596407,0.04429572285,,,,,,,0.05504138611,0.0396824494,0.04127357042,0.0396824494,0.03887223451,0.03820260281,0.04305637863,0.04177494241,0.03828508659
2007-05-31,0.03631359372,0.03631359372,0.03631359372,0.03631359372,0.03631359372,0.03631359372,0.03631359372,0.03909047243,0.03409676582,0.02790456961,0.03864005715,0.03180791161,0.0331923332,0.04727819814,0.03392012156,0.03392012156,0.03392012156,0.03392012156,0.02742459754,0.03392012156,,,,,,,0.03450415181,0.04025114485,0.04225132018,0.04025114485,0.03980568388,0.03770133886,0.03886515219,0.03801414073,0.03619779763
2007-06-30,-0.01568207096,-0.01568207096,-0.01568207096,-0.01568207096,-0.01568207096,-0.01568207096,-0.01568207096,-0.01643954513,-0.01683904166,-0.01004760066,-0.01258454126,-0.01683676469,-0.02145183651,0.002424937791,-0.01462081082,-0.01462081082,-0.01462081082,-0.01462081082,-0.01517195892,-0.01462081082,,,,,,,-0.01196599449,-0.007222888437,-0.01350950971,-0.007222888437,-0.008275082644,-0.01606099741,-0.01451300695,-0.01490282495,-0.01785901554
2007-07-31,-0.03328060362,-0.03328060362,-0.03328060362,-0.03328060362,-0.03328060362,-0.03328060362,-0.03328060362,-0.0160400486,-0.04829939333,-0.05089612077,-0.0232730756,-0.04019900397,-0.05393226622,-0.03632537237,-0.03131019348,-0.03131019348,-0.03131019348,-0.03131019348,-0.02882997937,-0.03131019348,,,,,,,-0.01134622501,0.00357320354,-0.01291861658,0.00357320354,0.003979673767,-0.02466463625,-0.01965837036,-0.02420093684,-0.03442414435
2007-08-31,0.01351549459,0.01351549459,0.01351549459,0.01351549459,0.01351549459,0.01351549459,0.01351549459,0.02101325448,0.01781728225,0.008329239682,0.0092983161,0.01155337394,-4.877869267e-05,-0.01142252675,0.01283280164,0.01283280164,0.01283280164,0.01283280164,0.01145344988,0.01283280164,,,,,,,0.02204825192,0.02868233648,0.01450917501,0.02868233648,0.02681410614,0.0172625001,0.01515285656,0.01460688698,0.01148947609
2007-09-30,0.03531367709,0.03531367709,0.03531367709,0.03531367709,0.03531367709,0.03531367709,0.03531367709,0.06066328501,0.01462131002,0.03829147937,0.04145188237,0.03721565226,0.03080633007,0.04613267674,0.03871433409,0.03871433409,0.03871433409,0.03871433409,0.02431583122,0.03871433409,,,,,,,0.03833342616,0.05598943274,0.07821667792,0.05598943274,0.05800893155,0.04798214365,0.05105278084,0.0458046636,0.04225496333
2007-10-31,0.02101486931,0.02101486931,0.02101486931,0.02101486931,0.02101486931,0.02101486931,0.02101486931,0.03579462606,-0.01514118141,0.03799185697,0.0253486103,0.01232205279,0.007453087035,0.02850304238,0.01356660792,0.01356660792,0.01356660792,0.01356660792,0.00842863329,0.01356660792,,,,,,,0.02245303649,0.03619010398,0.03377953192,0.03619010398,0.03985375313,0.02840105275,0.03056900668,0.02738323236,0.02141606955
2007-11-30,-0.04467965318,-0.04467965318,-0.04467965318,-0.04467965318,-0.04467965318,-0.04467965318,-0.04467965318,-0.04490367283,-0.06238164598,-0.07985961914,-0.02903966633,-0.04760191104,-0.04711511442,-0.0675280859,-0.03873256567,-0.03873256567,-0.03873256567,-0.03873256567,-0.01964247699,-0.03873256567,-0.001189353978,-0.001189353978,0.003806847758,-0.001189353978,0.003264864063,-0.001189116864,-0.02412530696,-0.03192207807,-0.03672045367,-0.03192207807,-0.03361661704,-0.04479171901,-0.03697563558,-0.03954449789,-0.04556666313
2007-12-31,-0.006082871323,-0.006082871323,-0.006082871323,-0.006082871323,-0.006082871323,-0.006082871323,-0.006082871323,0.02101325448,-0.07536528318,0.009028358608,0.007042258678,-0.01425084508,-0.003674263968,0.05125153808,-0.01126071956,-0.01126071956,-0.01126071956,-0.01126071956,-0.005224376167,-0.01126071956,-0.00559326964,-0.00559326964,-0.005422624033,-0.00559326964,-0.002601377382,-0.005531773764,-0.01135107892,0.02680992089,0.02968024565,0.02680992089,0.02569305572,0.007458417549,0.01402426383,0.007319650933,0.003746285993
2008-01-31,-0.06127826921,-0.06174763008,-0.06127826921,-0.06127826921,-0.06174763008,-0.06127826921,-0.06127826921,-0.0930430046,-0.01404256595,-0.1081239986,-0.05417416516,-0.06340930672,-0.03923040864,-0.05502031164,-0.06046105058,-0.007266867252,-0.06046105058,-0.06046105058,-0.002773161668,-0.007845502954,-0.01890892813,0.007870270186,-0.01890892813,-0.01890892813,0.01012949967,0.007556726367,-0.04638222408,-0.1008320805,-0.1068241833,-0.1008320805,-0.09869096693,-0.07740314118,-0.07361830209,-0.0696627293,-0.06468313755
2008-02-29,-0.02968090375,0.0013,-0.0301660633,-0.0301660633,0.0013,-0.02968090375,-0.0301660633,-0.00914873347,-0.0958394803,-0.02512859464,-0.01127408877,-0.01724259513,-0.04099467154,0.05353983204,-0.02584252773,0.00200190114,0.01751127497,0.01751127497,0.00200190114,0.00200190114,-0.01386115398,0.0001935851079,0.007640473554,0.007640473554,0.0001935851079,0.0001922693976,-0.03532903618,-0.01240288011,-0.009034386013,-0.01240288011,-0.009557953082,-0.003926978918,-0.01021194246,-0.006376832171,-0.01628937285
2008-03-31,-0.007782729591,0.0017,0.0017,0.0017,0.0017,-0.008278838226,0.0017,0.0003393090985,-0.06877359045,-0.01074671959,-0.001873016528,-0.004350981236,-0.01089024914,-0.02756403285,-0.008942298888,0.00200190114,0.00200190114,0.00200190114,0.00200190114,0.00200190114,-0.003814978131,0.001649224428,0.001649224428,0.001649224428,0.001649224428,0.001655356827,0.009845758209,0.02347241531,0.01761577324,0.02347241531,0.01996764664,0.001019314377,-0.000767406796,5.478804111e-05,-0.002952959991
2008-04-30,0.04781263495,0.0018,0.0018,0.0018,0.0018,0.0018,0.0018,0.06236114526,0.08613118874,0.04438380144,0.04799614818,0.03987953929,0.05121380385,0.08409831473,0.04766229317,0.002202311541,0.002202311541,0.002202311541,0.002202311541,0.002202311541,0.02535482554,0.002752769419,0.002752769419,0.002752769419,0.002752769419,0.00274469917,0.04618946045,0.07633012162,0.07862386371,0.07633012162,0.07617931557,0.03206543234,0.05517505547,0.03737390256,0.03844609693
2008-05-31,0.02041491933,0.0018,0.0018,0.0018,0.0018,0.0018,0.0018,0.02750507308,-0.02942318233,0.04837876673,0.02410413024,0.03065239439,0.0194730651,0.04323413774,0.01511652946,0.002102101331,0.002102101331,0.002102101331,0.002102101331,0.002102101331,0.001205878825,-0.005285276864,-0.005285276864,-0.005285276864,-0.005285276864,-0.005292325728,0.01684580547,0.04287653674,0.04378357053,0.04287653674,0.04361856953,0.01464611027,0.02580375143,0.01779773342,0.0162545596
2008-06-30,-0.08267648506,0.0017,0.0017,0.0017,0.0017,0.0017,0.0017,-0.04470392457,-0.1946149971,-0.05269385515,-0.0533495097,-0.1078837254,-0.1050948905,-0.008643187956,-0.0835758112,0.002102101331,0.002102101331,0.002102101331,0.002102101331,0.002102101331,-0.04297374727,0.000120352591,0.000120352591,0.000120352591,0.000120352591,0.000123142898,-0.09372928467,-0.05928820667,-0.06668462425,-0.05928820667,-0.05821348648,-0.02151356327,-0.04902887853,-0.03212908403,-0.0493848479
2008-07-31,-0.006082871323,0.0015,0.0015,0.0015,0.0015,0.0015,0.0015,-0.03711349051,0.03379714342,0.01841652704,-0.02295920674,-0.009656764485,0.06665135405,-0.02387257513,-0.008985791703,0.002202311541,0.002202311541,0.002202311541,0.002202311541,0.002202311541,-0.002624331905,0.00308096315,0.00308096315,0.00308096315,0.00308096315,0.003088550909,0.0226387126,0.01384348784,-0.002395676901,0.01384348784,0.01588072883,-0.01781639863,-0.0300398872,-0.01953124049,0.01032718605
2008-08-31,0.01651524448,0.0013,0.0013,0.0013,0.0013,0.0013,0.0013,-0.001558299415,0.0195151425,0.005033393317,0.01824058003,-0.004277012141,0.006944299606,0.01882883426,0.01545368838,0.002102101331,0.002102101331,0.002102101331,0.002102101331,0.002102101331,0.01146343306,0.004760636314,0.004760636314,0.004760636314,0.004760636314,0.004763647867,0.02394945694,-0.009961397142,-0.006561189647,-0.009961397142,-0.01019398132,-0.0001298642824,0.008336190588,0.005990011376,0.002227094853
2008-09-30,-0.09207570137,0.0015,0.0015,0.0015,0.0015,0.0015,0.0015,-0.1156145585,-0.1322935386,-0.1004336904,-0.08142078155,-0.1295256834,-0.02371788976,-0.06782096354,-0.09417360762,0.002102101331,0.002102101331,0.002102101331,0.002102101331,0.002102101331,-0.05607463806,-0.007725162357,-0.007725162357,-0.007725162357,-0.007725162357,-0.00772573046,-0.0605776185,-0.09649441363,-0.09560332516,-0.09649441363,-0.09947645912,-0.05708655789,-0.09852621847,-0.06520067283,-0.04596737289
2008-10-31,-0.1712690983,0.0008,0.0008,0.0008,0.0008,0.0008,0.0008,-0.148473148,-0.2386594895,-0.1904202836,-0.1531228245,-0.212066198,-0.2145551581,-0.273083705,-0.1651866264,0,0,0,0,0,-0.0938490817,-0.003768347543,-0.01139634682,-0.01139634682,-0.003768347543,-0.001857097692,-0.1353915254,-0.1028105867,-0.1214992138,-0.1028105867,-0.1054260776,-0.0738738923,-0.1507991487,-0.1002990126,-0.120783283
2008-11-30,-0.07717694361,0.0003,0.0003,0.0003,0.0003,0.0003,0.0003,-0.07376729707,-0.1458764206,-0.09943494907,-0.04868845708,-0.1347744904,-0.158188708,-0.1207880839,-0.06960657636,0,0,0,0,0,-0.01992250066,0,-0.00813387909,-0.00813387909,0,0,-0.06848488223,-0.08974357254,-0.07897748257,-0.08974357254,-0.08825634373,-0.03675216536,-0.06123414678,-0.04073225758,-0.07724565836
2008-12-31,0.01761515277,0,0,0,0,0,0,-0.002756789003,0.0479792702,0.04418405318,0.01819759799,0.01584957899,0.01413529521,0.03297542383,0.009796364606,0,0,0,0,0,0.04293890592,0.02563766955,0.02563766955,0,0.01172766221,0.02510943311,0.01615722149,0.005168118473,0.001354224588,0.005168118473,0.001546473673,-0.001379083699,0.007715165896,0.005142586108,0.003789387917
2009-01-31,-0.08097662679,0,0,0,0,0,0,-0.079759745,-0.0800593674,-0.1227056219,-0.05720689808,-0.07195973436,-0.191079966,-0.1363118481,-0.08211432164,0,0,0,0,0,-0.04970061798,-0.01003786743,-0.01003786743,0,-0.004625443757,-0.009753141419,-0.08912187201,-0.1055015981,-0.09713667277,-0.1055015981,-0.1059454044,-0.03989981244,-0.06848895976,-0.04567076621,-0.0903135037
2009-02-28,-0.101374926,0.0001,0.0001,0.0001,0.0001,0.0001,0.0001,-0.09424149419,-0.1397840985,-0.1207081392,-0.0947851979,-0.1106935514,-0.1646530072,-0.08741027914,-0.1074490044,0,0,0,0,0,-0.05902563748,-0.005276738222,-0.005276738222,-0.004678374971,-0.004463154611,-0.005242867893,-0.1099707727,-0.1061707125,-0.1020553106,-0.1061707125,-0.1082597393,-0.04709433247,-0.09451348197,-0.06299658922,-0.08629362207
2009-03-31,0.0902091,0.0002,0.0002,0.0002,0.0002,0.0002,0.0002,0.05876567649,0.1853062021,0.07504516006,0.080799443,0.115928766,0.1356905096,0.1259705705,0.08331070737,0,0,0,0,0,0.04998201876,0.005500347198,0.005500347198,0.005500347198,0.00529811753,0.005507735967,0.119435056,0.05510367129,0.05015015346,0.05510367129,0.05651695415,0.02946819683,0.0697770513,0.04657291037,0.06486179365
2009-04-30,0.1017081412,0.0001,0.0001,0.0001,0.0001,0.0001,0.0001,0.022910863,0.333219792,0.0872298042,0.07611639957,0.1178669562,0.1646823968,0.2037010948,0.09934610753,0,0,0,0,0,0.05246361299,0.002575049785,0.002575049785,0.002575049785,0.002575049785,0.002575422864,0.1054147082,0.006257780214,0.004802140165,0.006257780214,0.005001603224,0.01149972878,0.0495003299,0.03302806286,0.0625303806
2009-05-31,0.05201228479,0,0,0,0,0,0,0.02870356267,0.1419608287,0.01212445671,0.05719730395,0.06190233819,0.0641533977,0.1020480653,0.05845344347,0,0,0,0,0,0.03282474655,0.003553384755,0.003553384755,0.003553384755,0.003553384755,0.003548773486,0.05261275798,0.03108400942,0.03266481497,0.03108400942,0.03207172549,0.01434460544,0.04294330987,0.02862407767,0.0309412531
2009-06-30,0.00421626995,-0.0003998000999,0.0001,0.0001,-6.926891229e-05,0.0001,0.0001,0.01312319803,-0.06038416334,0.02920293333,0.007010272042,-0.007456683677,0.001802447867,-0.0270052663,-0.0006549420826,0,0,0,0,0,0.00250261973,0.002121563142,0.002121563142,0.002121563142,0.002121563142,0.002102791678,0.003349464368,0.01511338732,0.03336062936,0.01511338732,0.0216625476,0.006358318217,0.01006520681,0.006575564095,0.004839188183
2009-07-31,0.07741016715,0.07741016715,0.0001,-0.0003998000999,0.02626848466,0.0001,0.0001,0.06046353674,0.108203372,0.07894025122,0.06006510578,0.0773908671,0.09929571527,0.1539701224,0.07460578017,0.06964816942,0,0,0.02718106939,0.09966172659,0.04352584606,0.041167354,0.006342889298,0.006342889298,0.01993150196,0.05623494115,0.08247271899,0.08350909809,0.06590659756,0.08350909809,0.08974403935,0.06893261529,0.06026422165,0.06597579304,0.07904972664
2009-08-31,0.03331384384,0.03331384384,0.0001,0.03331384384,0.01152058917,0.0001,0.0001,0.01811690465,0.08343458717,-0.004254900987,0.0168641551,0.07763576478,0.09712262319,0.06978779365,0.03693959278,0.03693959278,0,0.01960167632,0.01568552004,0.03693959278,0.02478469666,0.02478469666,0.006100492524,0.01589154447,0.01398539403,0.02506581857,0.04273140576,0.01854633683,0.01701457624,0.01854633683,0.02123488713,0.02571157501,0.01749021669,0.02276145157,0.04950192228
2009-09-30,0.04081321855,0.04081321855,0.0001,0.04081321855,0.0133737973,0.0001,0.0001,0.03100066771,0.06875308972,0.04718027715,0.03509953637,0.03412294439,0.04254642507,0.1032153277,0.03545717296,0.03545717296,0,0.03545717296,0.0216864537,0.03545717296,0.02386557513,0.02386557513,0.005939052562,0.02386557513,0.01683054074,0.02406194837,0.02988264553,0.0403288762,0.02812619484,0.0403288762,0.04255343067,0.03590448999,0.03304907733,0.03563608241,0.03811773063
2009-10-31,-0.02538126225,-0.02538126225,0,-0.02538126225,-0.008225887109,0,0,-0.01514118141,-0.07196956269,-0.08495319988,0.0006089465104,-0.05136633826,-0.06618114865,-0.06552417313,-0.01922529602,-0.01922529602,0,-0.01922529602,-0.01056718208,-0.01922529602,-0.008764527627,-0.008764527627,0.001115112729,-0.008764527627,-0.004233222127,-0.008839378818,-0.01534091157,-0.01711005231,-0.007538181123,-0.02534036112,-0.01278443658,-0.02026378185,-0.007270054981,-0.01330913686,-0.03557806853
2009-11-30,0.05621193463,0.05621193463,-0.0004997501249,0.05621193463,0.01871243917,0,-0.000209368157,0.05746731277,0.0615621522,0.03209928317,0.05955431919,0.04209761258,0.04043830584,0.0595423242,0.06160684887,0.06160684887,0.05334604727,0.06160684887,0.03516309285,0.06160684887,0.03715657349,0.03715657349,0.03309381169,0.03715657349,0.02399243798,0.03714224938,0.07749430837,0.07116071352,0.07445428883,0.07170017925,0.06725096369,0.05683930986,0.05851029423,0.05774391893,0.05136887301
2009-12-31,0.02801428571,0.02801428571,0.02801428571,0.02801428571,0.01177821458,-0.0003998000999,0.01177821458,0.04308543772,-0.005952761236,0.09412111933,0.01748189701,0.01865340755,0.01621142781,0.09991170791,0.01910094058,0.01910094058,0.01910094058,0.01910094058,0.01105554147,0.01910094058,0.0001861015802,0.0001861015802,0.0001861015802,0.0001861015802,-0.003893974256,0.0001799534234,0.01843865007,0.04075406914,0.03573606635,0.0392968023,0.04146995268,0.03554609393,0.03027726648,0.0295226874,0.02909905651
2010-01-31,-0.03358057861,-0.03358057861,-0.03358057861,-0.03358057861,-0.01515435064,-0.03358057861,-0.01515435064,-0.07216931095,-0.003655656193,-0.04610216242,-0.04427430131,-0.01882293487,-0.04415635059,-0.04437375976,-0.03634245051,-0.03634245051,-0.03634245051,-0.03634245051,-0.02449465743,-0.03634245051,-0.0107585563,-0.0107585563,-0.0107585563,-0.0107585563,-0.00503093795,-0.01081125304,-0.03032665653,-0.0666795855,-0.07105389253,-0.06788287571,-0.06791442298,-0.05288459196,-0.05822877988,-0.0500154507,-0.0499761469
2010-02-28,0.03381380215,0.03381380215,0.03381380215,0.03381380215,0.01523595789,0.03381380215,0.01523595789,0.05307285095,0.01412193936,0.06445850203,0.02966580658,0.04106004608,0.05362979445,0.07836121169,0.03119469386,0.03119469386,0.03119469386,0.03119469386,0.01965428487,0.03119469386,0.01624099844,0.01624099844,0.01624099844,0.01624099844,0.01066411504,0.01611669537,0.02890988229,0.04551650075,0.05217282729,0.04636098679,0.04694922329,0.04343851179,0.04136347701,0.03884607922,0.04683447418
2010-03-31,0.0630113677,0.0630113677,0.0630113677,0.0630113677,0.03122025874,0.0630113677,0.03122025874,0.1046079032,0.04318531185,0.09202376255,0.05130076751,0.06782986167,0.07596946096,0.07166975737,0.06087963242,0.06087963242,0.06087963242,0.06087963242,0.04017657436,0.06087963242,0.03031327217,0.03031327217,0.03031327217,0.03031327217,0.02001787314,0.03026729826,0.06156381999,0.08755529609,0.07967183679,0.08813581791,0.08717463314,0.08379923633,0.07794100858,0.07296280129,0.08118844007
2010-04-30,0.01991496102,0.01991496102,0.01991496102,0.01991496102,0.01373872845,0.01991496102,0.01373872845,0.04777952194,0.009128232741,0.08163685279,0.01748989367,0.005999694261,0.01209514759,0.05619372324,0.01547006725,0.01547006725,0.01547006725,0.01547006725,0.01066927193,0.01547006725,0.01268107361,0.01268107361,0.01268107361,0.01268107361,0.01024795904,0.01293045057,0.01824838364,0.03525092131,0.03478786333,0.03640267152,0.03565767261,0.03384027534,0.0326271354,0.02838833063,0.02658948252
2010-05-31,-0.07897679354,-0.07897679354,-0.07897679354,-0.07897679354,-0.05778717429,-0.07897679354,-0.05778717429,-0.0831554655,-0.07936024848,-0.08055873806,-0.08039620961,-0.08266026369,-0.07979945893,-0.1067222106,-0.079454554,-0.079454554,-0.079454554,-0.079454554,-0.05883736627,-0.079454554,-0.03393755627,-0.03393755627,-0.03393755627,-0.03393755627,-0.02379770811,-0.03452547136,-0.07701427003,-0.08620204315,-0.08721150333,-0.08823563182,-0.08806165926,-0.08106717419,-0.08177652737,-0.08084359376,-0.08064474318
2010-06-30,-0.05557874443,-0.05557874443,-0.05557874443,-0.05557874443,-0.04763537153,-0.05557874443,-0.04763537153,-0.06857384219,-0.04320581258,-0.1047282781,-0.04930919774,-0.05403222446,-0.08611581996,-0.1277574221,-0.05174094745,-0.0173152497,-0.05174094745,-0.05174094745,-0.01244840053,0.00827315549,-0.01680097217,0.0006114621779,-0.01680097217,-0.01680097217,0.002843374165,0.01284818918,-0.04884634115,-0.08100147604,-0.07349228447,-0.08534004836,-0.079256469,-0.06207954208,-0.05894633612,-0.0578241792,-0.07009481098
2010-07-31,0.0692108508,0.06867624537,0.0692108508,0.0692108508,0.04410544941,0.0692108508,0.04440852057,0.07874050295,0.07164943956,0.08712993007,0.07010491116,0.06010408949,0.05332592141,0.08826632334,0.06830067154,0,0.06830067154,0.06830067154,0,0,0.03852557951,0.004270755238,0.03852557951,0.03852557951,0.004270755238,0.004268561189,0.07203536144,0.08757772088,0.08815725284,0.08562529254,0.08774589634,0.0737058581,0.07442054816,0.07250514207,0.06690969381
2010-08-31,-0.04777939473,-0.0003998000999,-0.04777939473,-0.04825550503,-0.0001955562761,-0.04777939473,-0.0276988221,-0.04979750532,-0.04190744886,-0.07226918508,-0.03918142911,-0.05438507704,-0.06120922591,-0.08064960374,-0.04498049746,0,-0.04498049746,0.02206969848,0,0,-0.01523826842,0.00643466663,-0.01523826842,0.01790404369,0.00643466663,0.006433204843,-0.04122252307,-0.04751445239,-0.04523688562,-0.0384923116,-0.04988497252,-0.02511100213,-0.04449212123,-0.02980270921,-0.03714775568
2010-09-30,0.09550865813,0.0949609038,0.09550865813,-0.0003998000999,0.05618443862,0.09550865813,0.0564820061,0.1127975821,0.08653068527,0.1322730379,0.09427181425,0.09161792304,0.07038979214,0.1083696742,0.08955469411,0,0.08955469411,0,0,0,0.04367419809,2.891520134e-05,0.04367419809,2.891520134e-05,2.891520134e-05,2.696989555e-05,0.08559276552,0.09559189517,0.09991829626,0.09002317305,0.09596519829,0.1038747838,0.1035300667,0.1006727264,0.09270865057
2010-10-31,0.03871339363,-0.0003998000999,0.03871339363,0.03819403693,-0.0001541834385,0.03871339363,0.02181881277,0.04118782921,0.02021426143,0.04368468252,0.04411177107,0.02664107031,0.006566457468,0.02432303878,0.03820205247,0.03333724252,0.03820205247,0,0.01843837007,0.04114972808,0.01987907793,0.01742396711,0.01987907793,0.0007612046672,0.009976120216,0.0213460541,0.03616045184,0.03838854355,0.04297125402,0.03470546311,0.03851956385,0.02038361765,0.04264906915,0.02829036682,0.01577636119
2010-11-30,0.005916128218,0.005916128218,0.005916128218,-0.0003998000999,0.003054922279,0.005916128218,0.003054922279,0.0260069611,-0.00525364231,0.04448367557,0.006738385636,0.007646006433,-0.01100220236,0.01957377302,0,0,0,-0.0008370631428,-9.881050527e-05,0,-0.004178160191,-0.004178160191,-0.004178160191,-0.004593589451,-0.004223582968,-0.004120524948,0.004219351954,0.002697349282,0.01157041506,-0.003073870014,0.002402563789,0.01595652195,0.01636785622,0.01288278505,0.006967284541
2010-12-31,0.06821093417,0.06821093417,0.06821093417,0.06821093417,0.03513497932,0.06821093417,0.03513497932,0.0544710888,0.07834100642,0.07105019477,0.05160963847,0.08699585414,0.09826714501,0.0813154774,0.06685227352,0.06685227352,0.06685227352,0.06685227352,0.04703144545,0.06685227352,0.02978627584,0.02978627584,0.02978627584,0.02978627584,0.02001091049,0.02973213031,0.0642571205,0.04569636533,0.04983535231,0.04290398731,0.04884925252,0.06133757653,0.05303964827,0.05809384924,0.07364151685
2011-01-31,0.01981496935,0.01981496935,0.01981496935,0.01981496935,0.01049544834,0.01981496935,0.01049544834,0.009028358608,0.02590708697,0.003335533067,0.01629539273,0.02661508117,0.02475685754,-0.0006735176773,0.0233001399,0.0233001399,0.0233001399,0.0233001399,0.01860254394,0.0233001399,0.01130477471,0.01130477471,0.01130477471,0.01130477471,0.00892364147,0.01126021789,0.02601670762,0.02473162934,0.02801705381,0.01966177576,0.02924724587,0.01441896733,0.01266005891,0.01504423427,0.01786378238
2011-02-28,0.03481371878,0.03481371878,0.03481371878,0.03481371878,0.01768631717,0.03481371878,0.01768631717,0.03239890557,0.01621929613,0.05836617996,0.02719483895,0.04232751653,0.04629485898,0.03754351528,0.03473734398,0.03473734398,0.03473734398,0.03473734398,0.03005143757,0.03473734398,0.01880975368,0.01880975368,0.01880975368,0.01880975368,0.01647332811,0.01881016758,0.0268092044,0.05329555618,0.04944350863,0.05190732857,0.05476418607,0.03360570847,0.02979557124,0.03146772966,0.0378330081
2011-03-31,0.004516244939,0.004516244939,0.004516244939,0.004516244939,0.0024221875,0.004516244939,0.0024221875,0.01222433084,-0.009448355867,0.04188694813,0.0077329701,-0.01512048175,-0.01610507039,0.01572338171,0.0001201298293,0.0001201298293,0.0001201298293,0.0001201298293,0.002218942776,0.0001201298293,-0.001035333211,-0.001035333211,-0.001035333211,-0.000579059958,1.947892663e-05,-0.001053725342,0.001990937505,0.01029633735,0.008301404642,0.009134167557,0.01128468488,0.008368360869,0.009977527631,0.008156493133,0.0002063961621
2011-04-30,0.02891421067,0.02891421067,0.02891421067,0.02891421067,0.01519676742,0.02891421067,0.01519676742,0.02301073713,0.02750507308,0.02021426143,0.03478266876,0.01764582852,0.01272988239,0.02186681499,0.02896143419,0.02896143419,0.02896143419,0.02896143419,0.02321831293,0.02896143419,0.02231872535,0.01490465726,0.02231872535,0.01447012396,0.01203839775,0.01571505391,0.03553017605,0.02721032062,0.03115417257,0.02696857211,0.02646537597,0.02596099803,0.02889375996,0.02890057492,0.02154866949
2011-05-31,-0.01278231273,-0.01278231273,-0.01278231273,-0.01278231273,-0.0069295435,-0.01278231273,-0.0069295435,-0.01953564323,-0.007051376692,-0.02153312587,-0.007381714999,-0.03112579474,-0.02807007142,-0.01142977372,-0.01121453281,-0.01121453281,-0.01121453281,-0.01121453281,-0.008824184939,-0.01121453281,0.0005734794599,5.435275638e-05,0.0005734794599,-0.005623147471,0.001260065357,-0.0001232201884,-0.009637824178,-0.02252888026,-0.0244769407,-0.02252888026,-0.02256668922,-0.01616066631,-0.0134617176,-0.01323532446,-0.02013198937
2011-06-30,-0.01748192089,-0.01748192089,-0.01748192089,-0.01748192089,-0.009497947661,-0.01748192089,-0.009497947661,-0.01174546091,-0.02702620315,-0.01653941926,-0.009909658826,-0.03059001859,-0.0195016513,-0.01416438121,-0.01686971268,-0.01686971268,-0.01686971268,-0.01686971268,-0.01301799615,-0.01686971268,-0.01043205619,-0.01043205619,-0.01043205619,-0.01291744123,-0.008563448837,-0.01049724649,-0.01271309278,-0.007690520456,-0.003606013247,-0.007690520456,-0.008730519701,-0.01461512501,-0.01082801882,-0.01304715895,-0.01624451022
2011-07-31,-0.02358141232,-0.02358141232,-0.02358141232,-0.02358141232,-0.01495557587,-0.02358141232,-0.01495557587,-0.02502872051,-0.01613992273,-0.0324194063,-0.01136904909,-0.04836059406,-0.0408437346,-0.05089978319,-0.02000453846,-0.02000453846,-0.02000453846,-0.02000453846,-0.01553564254,-0.02000453846,-0.001340776453,-0.001340776453,-0.001340776453,-0.001340776453,0.0008308633484,-0.001433882034,-0.02633689032,-0.0379757263,-0.0228742016,-0.0379757263,-0.03830349477,-0.02430542824,-0.01820229972,-0.01999593531,-0.02982163107
2011-08-31,-0.05957841094,-0.05957841094,-0.05957841094,-0.05957841094,-0.04201076644,-0.05957841094,-0.04201076644,-0.07057132483,-0.06477862516,-0.1002339421,-0.04535984777,-0.09612363871,-0.08393073289,-0.08444801677,-0.05497565174,-0.05497565174,-0.05497565174,-0.05497565174,-0.03892260836,-0.05497565174,-0.01992194133,-0.01992194133,-0.01992194133,-0.01992194133,-0.01186754061,-0.01979978107,-0.0428724337,-0.05897131666,-0.05979667836,-0.05897131666,-0.06081635613,-0.06507761612,-0.05797188917,-0.05850757563,-0.07136434641
2011-09-30,-0.07587705199,-0.07633911346,-0.07587705199,-0.07587705199,-0.05460549105,-0.07587705199,-0.05428173221,-0.09733759229,-0.0766636469,-0.1341911471,-0.06348527498,-0.1046000972,-0.1018052649,-0.1191162824,-0.06942079195,-0.01096766731,-0.06942079195,-0.01096766731,-0.007546447615,-0.03623733913,-0.03087960053,-0.001425793116,-0.03087960053,-0.001425793116,0.0001922061098,-0.01392060635,-0.05445170039,-0.05618037641,-0.05144679472,-0.05618037641,-0.05582800074,-0.0868436025,-0.08041989672,-0.07906008811,-0.0918324863
2011-10-31,0.1132071825,0,0.1132071825,0.1126505789,0,0.1132071825,0.07750451501,0.09891507768,0.1458559199,0.171623446,0.1003532734,0.1508931579,0.1254967685,0.1268292118,0.109147129,0,0.109147129,0,0,0,0.05692810072,0.0006387958135,0.05692810072,0.0006387958135,0.0006387958135,0.0006324319071,0.1090143497,0.1089136006,0.1145556654,0.1089136006,0.1186802154,0.04943281007,0.099633816,0.06640064277,0.07477901407
2011-11-30,-0.002783146449,0,-0.002783146449,0,0,-0.002783146449,-0.002004060564,0.00693100183,-0.04150795233,0.001038428025,0.00285600769,-0.02418369515,-0.02671763647,-0.02956169822,-0.004063754939,0,-0.004063754939,0,0,0,-0.004557851762,-0.001647795899,-0.004557851762,-0.001647795899,-0.001647795899,-0.001644491118,0.001752867873,0.006062151887,0.00561572394,0.006062151887,0.007925939525,0.003463768165,0.004892486012,0.003261113618,-0.006602252243
2011-12-31,0.007416003161,0,0.007416003161,0,0,0.007416003161,0.004120115258,0.003635155464,-0.02702620315,3.968670161e-05,0.005731806184,-0.01950664921,0.01303475502,0.02242333248,0.01044839569,0,0.01044839569,0,0,0,0.01199524315,0.006780744569,0.01199524315,0.006780744569,0.006780744569,0.006769225763,0.01551867785,0.01383165982,0.01838865299,0.01383165982,0.0165761994,0.001816668943,0.004682956662,0.003121279776,0.005554144122
2012-01-31,0.05041241818,0,0.05041241818,0,0,0.05041241818,0.02795799732,0.02410935259,0.1279784502,0.06206152286,0.04644279717,0.06918729454,0.05935740146,0.04783296636,0.04637456454,0.02944612635,0.04637456454,0,0.01112648726,0.02783386241,0.02670699073,0.01833549354,0.02670699073,0.003624781826,0.009182494353,0.01752278157,0.04973419132,0.005163497294,-0.0004650450129,0.005163497294,0.003680955852,0.01204864895,0.03527049152,0.02350954412,0.02781173963
2012-02-29,0.04411294343,-0.0004997501249,0.04411294343,0,-0.0002878871589,0.04411294343,0.02635521488,0.04368468252,0.05407159227,0.03699311565,0.04324313399,0.05442146369,0.05952932963,0.06798029882,0.04340539333,0.04340539333,0.04340539333,0.03383050618,0.01925814986,0.04340539333,0.02159542114,0.02159542114,0.02159542114,0.01683225588,0.009545359807,0.02158698653,0.0290815342,0.02400122698,0.02679857352,0.02400122698,0.02479319404,0.02158142009,0.04346379786,0.02879958576,0.03422650806
2012-03-31,0.03111402726,0.03111402726,0.03111402726,-0.0004997501249,0.01791260894,0.03111402726,0.01791260894,0.04048871028,0.0260069611,0.02870356267,0.02955185419,0.02898009307,0.05223637662,0.02569646497,0.03216377344,0.03216377344,0.03216377344,0.03216377344,0.0203440962,0.03216377344,0.01321070484,0.01321070484,0.01321070484,0.01321070484,0.007298420742,0.01320655911,0.0395557333,0.04240560159,0.04771885046,0.04005086181,0.0420585284,0.0357990251,0.03501754802,0.03371594041,0.04127605249
2012-04-30,-0.008582662894,-0.008582662894,-0.008582662894,-0.008582662894,-0.004887751769,-0.008582662894,-0.004887751769,0.001537798686,-0.04660153308,-0.006851628427,-0.004497919846,-0.02156778807,-0.02586099437,-0.02147957493,-0.006675679994,-0.006675679994,-0.006675679994,-0.006675679994,-0.009180059773,-0.006675679994,0.001277910116,0.001277910116,0.001277910116,0.001277910116,-8.636560845e-06,0.001289208865,-0.003099311905,0.01205248761,0.01355945864,0.01235428121,0.01192158691,-0.003524962219,-0.001481569509,-0.003849389816,-0.01097358365
2012-05-31,-0.06167823586,-0.06167823586,-0.06167823586,-0.06167823586,-0.03468626286,-0.06167823586,-0.03468626286,-0.04230694539,-0.1229053702,-0.05319322581,-0.0573588346,-0.08985425805,-0.07962653118,-0.09022110478,-0.06005572793,-0.06005572793,-0.06005572793,-0.06005572793,-0.05158962935,-0.06005572793,-0.02455077805,-0.02455077805,-0.02455077805,-0.02455077805,-0.02032885957,-0.02460913984,-0.05290831641,-0.05293668331,-0.02196589671,-0.05293668331,-0.05401724688,-0.05199743345,-0.04983665297,-0.05378516342,-0.06121020313
2012-06-30,0.03881338529,0.03881338529,0.0382939786,0.03881338529,0.02196429368,0.03881338529,0.02169241477,0.03000192639,0.03259865383,0.04028896202,0.03969461655,0.04207362261,0.05059306319,0.05633341488,0.0405810633,0.0405810633,0.0405810633,0.0405810633,0.02862051612,0.0405810633,0.02121526775,0.02121526775,0.02121526775,0.02121526775,0.01497420227,0.02110780038,0.0476805922,0.03118833388,0.03378479562,0.03118833388,0.03174433586,0.03440545298,0.0348458483,0.03616792006,0.03979919487
2012-07-31,0.007815969813,0.007815969813,-0.0004997501249,0.007815969813,0.004153773751,0.007312061828,-0.0002620783635,0.01372244283,-0.007950243882,-0.004754271649,0.009643172019,-0.004700835068,-0.004718827551,0.001873668111,0.01182954424,0.01182954424,0.01182954424,0.01182954424,0.007635027233,0.01182954424,0.01272740876,0.01272740876,0.01272740876,0.01272740876,0.01062222243,0.01286825002,0.009332156643,0.01297734025,0.00777237777,0.01878094144,0.01294897287,0.0107677297,0.01168178761,0.01039275203,0.005603086578
2012-08-31,0.02541450247,0.02541450247,0.02541450247,0.02541450247,0.01337193181,-0.0003998000999,0.01337193181,0.01212445671,0.04318531185,0.03159991251,0.02108839022,0.04485845911,0.04470652258,0.06145977309,0.02505261966,0.02505261966,0.02505261966,0.02505261966,0.01532686033,0.02505261966,0.012523702,0.012523702,0.012523702,0.012523702,0.007659573158,0.01259406035,0.02135775292,0.004912436994,0.005372341732,0.005343334161,0.009035774987,0.01876615708,0.01660418248,0.01953997714,0.0274093968
2012-09-30,0.02731434407,0.02731434407,0.02731434407,0.02731434407,0.0145362049,0.02731434407,0.0145362049,0.02360998192,0.04128770334,0.03469601061,0.01550772182,0.04061023401,0.04229952822,0.04916191113,0.02535091473,0.02535091473,0.02535091473,0.02535091473,0.01789352647,0.02535091473,0.01400221252,0.01400221252,0.01400221252,0.01400221252,0.01027935258,0.01399782191,,,,,,0.02546123691,0.0195568263,0.02214180384,0.03107087644
2012-10-31,-0.01758191255,-0.01758191255,-0.01758191255,-0.01758191255,-0.01011678519,-0.01758191255,-0.01011678519,-0.02652683249,-0.004954019913,-0.01064684545,-0.02215254376,0.008832510713,0.01476903044,0.01345982742,-0.01819820182,-0.01819820182,-0.01819820182,-0.01819820182,-0.01634613912,-0.01819820182,-0.009308735412,-0.009308735412,-0.009308735412,-0.009308735412,-0.008391281025,-0.009305547068,,,,,,-0.02205660875,-0.0243407817,-0.02208859799,-0.009788087845
2012-11-30,0.007815969813,0.007815969813,0.007815969813,0.007815969813,0.005353364194,0.007815969813,0.005353364194,0.009427855138,-0.003455907929,0.006731253566,0.002185287916,0.008238758782,-0.003672264804,0.007309147173,0.005659619927,0.005659619927,0.005659619927,0.005659619927,0.004402246078,0.005659619927,0.004145105713,0.004145105713,0.004145105713,0.004145105713,0.003527751788,0.004166392409,,,,,,0.008621509504,0.005804760885,0.006474940595,0.004521121343
2012-12-31,0.01181563633,0.01181563633,0.01181563633,0.01181563633,0.01079608389,0.01181563633,0.01079608389,0.00213704348,0.03699311565,0.02410935259,-0.002587717926,0.0325855867,0.0499633263,0.0386313108,0.008934498747,0.008934498747,0.008934498747,0.008934498747,0.006236030313,0.008934498747,0.003269829675,0.003269829675,0.003269829675,0.003269829675,0.001919530422,0.003271205999,,,,,,0.006973920255,-0.0002265184135,0.003785644855,0.0212957827
2013-01-31,0.05561198465,0.05561198465,0.05561198465,0.05561198465,0.05127368076,0.05561198465,0.05127368076,0.03369726929,0.07434604113,0.06605648815,0.03994251298,0.07709299155,0.07428316549,0.09313878763,0.05119017567,0.05119017567,0.05119017567,0.05119017567,0.04097971727,0.05119017567,0.02238862178,0.02238862178,0.02238862178,0.02238862178,0.01731458449,0.0224029004,,,,,,0.04464914829,0.03681832982,0.04307974629,0.05452386196
2013-02-28,0.01271556129,0.01271556129,0.01271556129,0.01271556129,0.01173040739,0.01271556129,0.01173040739,0.01522055481,-0.004754271649,0.01252395324,0.01175129125,0.01475203754,0.01256395172,0.02211995923,0.01275887489,0.01275887489,0.01275887489,0.01275887489,0.01031007244,0.01275887489,0.009433580809,0.009433580809,0.009433580809,0.009433580809,0.008185314475,0.009317683908,,,,,,0.0139674318,0.01348505571,0.01322847198,0.0134994491
2013-03-31,0.04031326024,0.04031326024,0.04031326024,0.04031326024,0.03650276852,0.04031326024,0.03650276852,0.05077574591,0.03409676582,0.06016391435,0.03707870948,0.042709357,0.03976958523,0.04334484149,0.03797116986,0.03797116986,0.03797116986,0.03797116986,0.03308769611,0.03797116986,0.01944839649,0.01944839649,0.01944839649,0.01944839649,0.01701498519,0.01943080531,,,,,,0.04554188745,0.04392380343,0.04271988748,0.04361714505
2013-04-30,0.01551532785,0.01551532785,0.01551532785,0.01551532785,0.01473494385,0.01551532785,0.01473494385,0.01651891853,0.01362256869,-0.002956537267,0.01937910436,0.01302775794,0.02097143908,0.0005897045496,0.01921232208,0.01921232208,0.01921232208,0.01921232208,0.0176951688,0.01921232208,0.01441832223,0.01441832223,0.01441832223,0.01441832223,0.01367128883,0.0144473938,,,,,,0.01601687229,0.0179482964,0.01713703647,0.01766746086
2013-05-31,0.02791429404,0.02791429404,0.02791429404,0.02791429404,0.02595109956,0.02791429404,0.02595109956,0.02251136647,0.03439638821,0.04728015128,0.02245681849,0.05286411435,0.06994897631,0.06349592239,0.0236097458,0.0236097458,0.0236097458,0.0236097458,0.01935013059,0.0236097458,0.001887590512,0.001887590512,0.001887590512,0.001887590512,-0.0002550833164,0.001798312842,,,,,,0.02521147952,0.02248407884,0.02429295296,0.04011493758
2013-06-30,-0.01208237109,-0.01208237109,-0.01208237109,-0.01208237109,-0.01150397452,-0.01208237109,-0.01150397452,-0.02313111199,-0.02782519621,0.003235658935,-0.02246041513,-0.02379385802,-0.01899986095,-0.04400916209,-0.0133444971,-0.0133444971,-0.0133444971,-0.0133444971,-0.01229424349,-0.0133444971,-0.01444558908,-0.006579393119,-0.01444558908,-0.01444558908,-0.00606395915,-0.007735714433,,,,,,-0.01760950373,-0.02279593124,-0.01922701349,-0.01807311093
2013-07-31,0.05641191796,0.05641191796,0.05641191796,0.05641191796,0.05641191796,0.05641191796,0.05641191796,0.06915258625,0.04628140996,0.08253571998,0.04855591431,0.0735284808,0.06195931438,0.06496755754,0.05167690563,0.05167690563,0.05167690563,0.05167690563,0.03768272689,0.05167690563,0.02713111501,0.02574169389,0.02621931104,0.02621931104,0.01877829041,0.02576222508,,,,,,0.06277906694,0.05884910111,0.05803643536,0.06250572465
2013-08-31,-0.02718111218,-0.02718111218,-0.02718111218,-0.02718111218,-0.02718111218,-0.02718111218,-0.02718111218,-0.03112104258,-0.02383023092,-0.02512859464,-0.02118294886,-0.02656470037,-0.04431428461,-0.05342247921,-0.02999237249,-0.02999237249,-0.02999237249,-0.02999237249,-0.02596277297,-0.02999237249,-0.01879557503,-0.01475834877,-0.01475834877,-0.01475834877,-0.01284259509,-0.01471397756,,,,,,-0.02915206236,-0.02615448024,-0.02649680523,-0.03420884939
2013-09-30,0.03761348534,0.03761348534,0.03761348534,0.03761348534,0.03761348534,0.03761348534,0.03761348534,0.05347234748,0.01771740812,0.07384667047,0.03118117346,0.04418174184,0.02358234824,0.02210346612,0.03164643326,0.03164643326,0.03164643326,0.03164643326,0.02575404802,0.03164643326,0.02132475767,0.01573989145,0.01573989145,0.01573989145,0.01282483747,0.01561842181,,,,,,0.0455389517,0.04232118768,0.04075142987,0.03821764382
2013-10-31,0.04161315185,0.04161315185,0.04161315185,0.04161315185,0.04161315185,0.04161315185,0.04161315185,0.03499563301,0.03339764689,0.02021426143,0.04638782014,0.02710487654,0.037139684,0.07544892844,0.04630675969,0.04630675969,0.04630675969,0.04630675969,0.04471269671,0.04630675969,0.02727710093,0.02312731453,0.02312731453,0.02312731453,0.02233449964,0.02311478501,,,,,,0.03830273805,0.04068887853,0.04099686725,0.03791492396
2013-11-30,0.03101403559,0.03101403559,0.03101403559,0.03101403559,0.03101403559,0.03101403559,0.03101403559,0.03179966077,0.02251136647,0.04418405318,0.03525247248,0.02944090055,0.04542222356,0.04263038999,0.0296376768,0.0296376768,0.0296376768,0.0296376768,0.02783822167,0.0296376768,0.01355884237,0.01451992522,0.01482018552,0.01482018552,0.013621694,0.01402264308,,,,,,0.03140665178,0.03352520342,0.03268786836,0.03607552545
2013-12-31,0.02801428571,0.02801428571,0.02801428571,0.02801428571,0.02801428571,0.02801428571,0.02801428571,0.02890331094,0.02730532482,0.02700570242,0.02527464121,0.03241165937,0.02041267253,0.01339510447,0.02592644746,0.02592644746,0.02592644746,0.02592644746,0.02596221771,0.02592644746,0.01017143849,0.01081231994,0.0129610619,0.0129610619,0.01083642971,0.01142757594,,,,,,0.02845857607,0.0270880689,0.02739670503,0.02577496836
2014-01-31,-0.03328060362,-0.03328060362,-0.03328060362,-0.03328060362,-0.03328060362,-0.03328060362,-0.03328060362,-0.0188365243,-0.05089612077,-0.02762544794,-0.04817567132,-0.02065017145,-0.03871162539,-0.06787469109,-0.03524830329,-0.03524830329,-0.03524830329,-0.03524830329,-0.03432604626,-0.03524830329,-0.01010483975,-0.01775519273,-0.01775519273,-0.01775519273,-0.01729134695,-0.01776791456,,,,,,-0.02606217498,-0.0335134326,-0.03343584799,-0.03028006435
2014-02-28,0.04651274333,0.04651274333,0.04651274333,0.04651274333,0.04651274333,0.04651274333,0.04651274333,0.06445850203,0.03569475193,0.05317272508,0.05050509994,0.04107503981,0.03172194753,0.04579406821,0.04551577595,0.04551577595,0.04551577595,0.04551577595,0.0428162649,0.04551577595,0.02534480902,0.02322295483,0.02322295483,0.02329598902,0.02183705857,0.02422363665,,,,,,0.05548113624,0.05747831264,0.05382190409,0.04755876626
2014-03-31,0.00421626995,0.00421626995,0.00421626995,0.00421626995,0.004205610559,0.00421626995,0.004205610559,-0.02722595142,0.02051388382,-0.01414244008,0.007335136314,-0.0007135009723,0.04378390805,0.04692159713,0.008295586459,0.008295586459,0.008295586459,0.008295586459,0.006510939038,0.008295586459,0.003278295565,0.003278295565,0.005066858331,0.001774694455,0.002394525766,0.003503208692,,,,,,-0.01151270129,-0.009954047823,-0.005232182085,0.006912455807
2014-04-30,-0.001883221483,-0.001883221483,-0.001883221483,-0.001883221483,-0.001848402467,-0.001883221483,-0.001848402467,-0.02452934984,0.02680595416,-0.05379247061,0.01682217264,-0.01430582211,-0.00927992193,-0.004702834233,0.006951512257,0.006951512257,0.006951512257,0.006951512257,0.00600774848,0.006951512257,0.007636258897,0.007636258897,0.003497872952,0.007636258897,0.007155374954,0.007633920773,,,,,,-0.0132119472,-0.003863926483,-0.003203910413,-0.01190170837
2014-05-31,0.02041491933,0.02041491933,0.02041491933,0.02041491933,0.02018167231,0.02041491933,0.02018167231,0.03299815036,0.005133267449,-0.005852887104,0.02166914758,0.01708006489,0.01382042677,0.02365206912,0.02320639028,0.02320639028,0.02320639028,0.02320639028,0.01961183695,0.02320639028,0.017503303,0.017503303,0.01160253651,0.017503303,0.01570744845,0.01752380953,,,,,,0.02670338904,0.02733081672,0.02502474884,0.02240763649
2014-06-30,0.02591446079,0.02591446079,0.02591446079,0.02591446079,0.02514322502,0.02591446079,0.02514322502,0.02810431788,0.02480847151,0.06056341087,0.01683216846,0.0411610039,0.02972578152,0.02618101252,0.02064486255,0.02064486255,0.02064486255,0.02064486255,0.01962919861,0.02064486255,0.01002594402,0.01002594402,0.01130532209,0.01002594402,0.009519795956,0.01003006889,,,,,,0.02700884187,0.02246542513,0.02361472077,0.0279141866
2014-07-31,-0.02038167911,-0.02038167911,-0.02038167911,-0.02038167911,-0.01991057149,-0.02038167911,-0.01991057149,-0.01524105554,-0.00655200603,-0.05998466681,-0.008609202156,-0.02932854563,-0.02470447756,-0.01288966378,-0.01343759121,-0.01343759121,-0.01343759121,-0.01343759121,-0.01371518247,-0.01343759121,-0.00790943414,-0.00790943414,-0.00790943414,-0.00790943414,-0.008046050806,-0.007862826326,,,,,,-0.01781265248,-0.01192678681,-0.01474602386,-0.02011069341
2014-08-31,0.04231309349,0.04231309349,0.04231309349,0.04231309349,0.04231309349,0.04231309349,0.04231309349,0.041787074,0.04088820681,0.05417146641,0.04307720331,0.05613674705,0.04138590993,0.0508307139,0.03946351884,0.03946351884,0.03946351884,0.03946351884,0.03946351884,0.03946351884,0.02556609517,0.02556609517,0.02556609517,0.02556609517,0.02556609517,0.02546696763,,,,,,0.04204995224,0.04243181612,0.04239222869,0.04182853101
2014-09-30,-0.01968173747,-0.01968173747,-0.01968173747,-0.01968173747,-0.01968173747,-0.01968173747,-0.01968173747,-0.01803753124,-0.01933589496,-0.05539045672,-0.01610007248,-0.02072414055,-0.01905283881,-0.0471336067,-0.01379625584,-0.01379625584,-0.01379625584,-0.01379625584,-0.01379625584,-0.01379625584,-0.00995331589,-0.00995331589,-0.00995331589,-0.00995331589,-0.00995331589,-0.009971183148,,,,,,-0.01886004541,-0.01706928623,-0.01794039363,-0.01892433134
2014-10-31,0.02501453582,0.02501453582,0.02501453582,0.02501453582,0.02501453582,0.02501453582,0.02501453582,0.02031413556,0.01252395324,0.04228644466,0.02343341047,0.01575861699,0.01408031818,-0.01151448833,0.02355090679,0.02355090679,0.02355090679,0.02355090679,0.02355090679,0.02355090679,0.01729454237,0.01729454237,0.01729454237,0.01729454237,0.01729454237,0.01726085818,,,,,,0.02266316059,0.0218729932,0.0229198251,0.01980108896
2014-11-30,0.02551449414,0.02551449414,0.02551449414,0.02551449414,0.02551449414,0.02551449414,0.02551449414,0.0324987797,0.02760494722,0.001437924554,0.04217657959,0.02282066647,0.002366212326,-0.02018036773,0.027471948,0.027471948,0.027471948,0.027471948,0.02150178873,0.027471948,0.01702096243,0.01702096243,0.01702096243,0.01702096243,0.01403985424,0.0170113504,,,,,,0.02900489085,0.0373352602,0.03339369115,0.02012057529
2014-12-31,-0.0005833298664,-0.0005833298664,-0.0005833298664,-0.0005833298664,-0.0005833298664,-0.0005833298664,-0.0005833298664,-0.008649362808,-0.0191361467,0.02420922672,-0.01307533621,-0.005014703934,0.01678118976,0.02300983744,-0.002536609003,-0.002536609003,-0.002536609003,-0.002536609003,-0.001885217816,-0.002536609003,-0.0005541586127,-0.0005541586127,-0.0005541586127,-0.0005541586127,-0.0002149424124,-0.0005092796259,,,,,,-0.004618362846,-0.010863456,-0.007438293855,0.002511410688
2015-01-31,-0.03108078703,-0.03108078703,-0.03108078703,-0.03108078703,-0.03108078703,-0.03108078703,-0.03108078703,-0.0154408038,-0.03441688894,-0.01953564323,-0.01811423096,-0.04543681561,-0.06245370597,-0.07909450346,-0.02962925376,-0.02962925376,-0.02962925376,-0.02962925376,-0.02136101678,-0.02962925376,-0.004593535925,-0.004593535925,-0.004593535925,-0.004593535925,-0.0004508213636,-0.004672680105,,,,,,-0.02326470542,-0.01677818574,-0.02154845244,-0.03633380847
2015-02-28,0.06121151777,0.06121151777,0.06121151777,0.06121151777,0.06121151777,0.06121151777,0.06121151777,0.05397171814,0.07614377551,0.05566957839,0.05964927951,0.07561960713,0.05431750712,0.04192118629,0.05620459538,0.05620459538,0.05620459538,0.05620459538,0.04107017381,0.05620459538,0.02330879363,0.02330879363,0.02330879363,0.02330879363,0.0158779163,0.02316027564,,,,,,0.05758980801,0.05680907944,0.05827606988,0.05649867726
2015-03-31,-0.01118244613,-0.01118244613,-0.01118244613,-0.01118244613,-0.01118244613,-0.01118244613,-0.01118244613,-0.007450873221,-0.03062167191,0.02341023366,-0.01870998206,-0.01339820132,-0.01297537797,-0.03765431713,-0.01570572038,-0.01570572038,-0.01570572038,-0.01570572038,-0.01079180048,-0.01570572038,-0.005761961872,-0.005761961872,-0.005761961872,-0.005761961872,-0.003375046926,-0.005859543807,,,,,,-0.009317592568,-0.01308324242,-0.01244985454,-0.01053726089
2015-04-30,0.005816136556,0.005816136556,0.005816136556,0.005816136556,0.005816136556,0.005816136556,0.005816136556,-0.01494143314,0.05756718691,-0.04470392457,0.0108296763,0.01114754349,0.01433021378,0.06399571358,0.009833911567,0.009833911567,0.009833911567,0.009833911567,0.007125247771,0.009833911567,0.003379925046,0.003379925046,0.003379925046,0.003379925046,0.002000229635,0.003315426085,,,,,,-0.004567837686,-0.002062321199,0.0005629567172,0.001729413595
2015-05-31,0.01361548626,0.01361548626,0.01361548626,0.01361548626,0.01361548626,0.01361548626,0.01361548626,0.03070104532,-0.03072154605,0.04358480838,0.008966454751,0.01912421085,0.008307729966,-0.01686175425,0.01285614871,0.01285614871,0.01285614871,0.01285614871,0.009500198096,0.01285614871,0.004288331934,0.004288331934,0.004288331934,0.004288331934,0.002596447629,0.004306907759,,,,,,0.0221539944,0.01982831639,0.01775668209,0.01753703397
2015-06-30,-0.0152821043,-0.0152821043,-0.0152821043,-0.0152821043,-0.0152821043,-0.0152821043,-0.0152821043,-0.01074671959,-0.03951046969,0.02241149234,-0.02131689289,-0.01692372835,-0.01403893362,-0.03016369671,-0.02031206089,-0.02031206089,-0.02031206089,-0.02031206089,-0.018022656,-0.02031206089,-0.01552035433,-0.01552035433,-0.01552035433,-0.01552035433,-0.01437795677,-0.01551033177,,,,,,-0.01301554579,-0.01603444878,-0.01578375059,-0.0133567889
2015-07-31,0.01561531951,0.01561531951,0.01561531951,0.01561531951,0.01561531951,0.01561531951,0.01561531951,0.03389701755,-0.07576477971,0.001737546951,0.01774278801,0.01737594128,0.0003670475755,-0.1208258182,0.02258923543,0.02258923543,0.02258923543,0.02258923543,0.0214677546,0.02258923543,0.01555707651,0.009702682388,0.01555707651,0.01555707651,0.009156129193,0.01040075545,,,,,,0.02475159811,0.02581586422,0.02241454881,0.01662070469
2015-08-31,-0.06027835258,-0.06027835258,-0.06027835258,-0.06027835258,-0.06027835258,-0.06027835258,-0.06027835258,-0.06537786995,-0.04330568672,-0.06877359045,-0.05814550593,-0.06542846312,-0.06634707932,-0.05230744507,-0.06095012714,-0.06095012714,-0.06095012714,-0.06095012714,-0.05587649251,-0.06095012714,-0.0322179069,-0.03301417338,-0.0322179069,-0.0302235669,-0.0304736511,-0.03154403792,,,,,,-0.06282938615,-0.06176349603,-0.06126861303,-0.06400234154
2015-09-30,-0.03068082038,-0.03116547997,-0.03068082038,-0.03068082038,-0.03116547997,-0.03068082038,-0.03071952697,-0.02572783943,-0.05908579962,-0.04859901573,-0.02115096222,-0.04799674608,-0.04259900125,-0.08779986637,-0.02551591515,-0.03033277222,-0.02551591515,-0.02551591515,-0.02750561917,-0.01192745468,-0.008274854885,-0.01348500276,-0.008274854885,-0.01229081344,-0.01215072426,-0.005193320523,,,,,,-0.02844801911,-0.02344054504,-0.02601647745,-0.03316725185
2015-10-31,0.07741016715,0,0.07687146207,0.07687146207,0,0.07741016715,0.07073506683,0.06535736922,0.08553194395,0.04128770334,0.08077845177,0.07108250272,0.06353765495,0.04859989594,0.0850596878,0,0.002107891536,0.002107891536,0,0,0.04283435497,-0.0002956142031,0.001396450041,0.001056293488,-0.0002956142031,-0.001797980513,,,,,,0.03266234527,0.07306405522,0.04869570302,0.04295068639
2015-11-30,0.00561615323,-0.0004997501249,-0.0004997501249,0,-0.0003720455239,0.005113345153,-0.0003720455239,0.006431631169,-0.02133337761,0.04638128409,0.0007788755142,0.00943325972,0.01625540943,0.004396614026,0.003655121002,-0.008575927836,-0.008575927836,0,-0.003962960082,-0.01144213427,0.000151690207,-0.006231013451,-0.006231013451,-0.001212815676,-0.003926120549,-0.007654910605,,,,,,0.002964207677,0.003603840153,0.002235520615,0.007392810277
2015-12-31,-0.0214815874,-0.0214815874,-0.0214815874,-0.0003998000999,-0.01597219775,-0.0003998000999,-0.01597219775,-0.006751754295,-0.0580870583,-0.05119574317,-0.01985650304,-0.03805489977,-0.03586781353,-0.1263817469,-0.01728252246,-0.01728252246,-0.01728252246,0,-0.01182466847,-0.01728252246,-0.009577117818,-0.009577117818,-0.009577117818,-0.0009556896863,-0.006869278592,-0.009604427747,,,,,,-0.01412035331,-0.01330740486,-0.01603304098,-0.02137192351
2016-01-31,-0.05737859436,-0.05784990507,-0.05737859436,-0.05737859436,-0.04368437785,-0.05737859436,-0.04332878832,-0.05509083433,-0.06138290466,-0.1009330611,-0.04911327959,-0.07895681099,-0.08159770763,-0.1411693187,,,,,,,,,,,,,,,,,,-0.05647105946,-0.05210355135,-0.05401964124,-0.06485173286
2016-02-29,-0.0004833382036,0.0002,-0.0009830965345,-0.0009830965345,0.0002,-0.0004833382036,-0.0006795012116,-0.02153312587,0.016119422,-0.0194357691,0.01009998116,-0.02043226249,-0.02261135207,-0.102688396,,,,,,,,,,,,,,,,,,-0.01067199622,-0.005724480632,-0.003750311151,-0.0146531087
2016-03-31,0.06961081745,0.0002,0.0002,0.0002,0.0002,0.06907601204,0.0002,0.05866580236,0.09232338495,0.05976441782,0.06966809366,0.06917929788,0.08136820537,0.2302734929,,,,,,,,,,,,,,,,,,0.02941828473,0.06416419744,0.04283041713,0.04672915435
2016-04-30,0.009215853092,-0.0003998000999,0.0001,0.0001,-0.0002393162835,0.0001,0.0001,-0.006651880162,0.06595661402,0.01781728225,-0.008734149953,0.03298641923,0.04693659086,0.1261619906,,,,,,,,,,,,,,,,,,-0.003527403151,-0.007693535625,-0.005263564119,0.01328375633
2016-05-31,0.0178151361,0.0178151361,0.0001,-0.0003998000999,0.01212259218,0.0001,0.0001,0.02041400969,0.01042659646,0.01512068068,0.01695211835,0.02227789324,0.006265583173,-0.02551039085,,,,,,,,,,,,,,,,,,0.01911392318,0.01868219855,0.01839308129,0.01482872099
2016-06-30,-0.000183363215,-0.000183363215,0.0002,-0.000183363215,-6.093539395e-05,0.0002,0.0002,0.02311061126,-0.03361789588,0.005432889846,0.004826184552,-0.02253638339,-0.02646774087,-0.04815617947,,,,,,,,,,,,,,,,,,0.01145780053,0.0139638268,0.009246524378,-0.001188593468
2016-07-31,0.03951332693,0.03951332693,-0.000299850075,0.03951332693,0.02676678417,0.0002,-0.0001402170375,0.02930280746,0.07154956543,0.04837876673,0.04628286399,0.02462691183,0.0363400181,0.08332738682,,,,,,,,,,,,,,,,,,0.03440551457,0.03778859071,0.03836331162,0.03505013442
2016-08-31,0.005016203253,0.005016203253,0.005016203253,0.005016203253,0.003467367497,-0.000299850075,0.003467367497,-0.01224483157,0.02770482135,0.005532763978,-0.004838777436,0.02472287173,0.03815126137,0.02750520928,,,,,,,,,,,,,,,,,,-0.003618629418,-0.008543656017,-0.004025481475,0.01029826311
2016-09-30,0.00281638667,0.00281638667,0.00281638667,0.00281638667,0.001887925713,0.00281638667,0.001887925713,0.002436665877,-0.009048859338,0.01761753399,0.003938555403,0.00562485087,-0.004825782865,0.01891055012,,,,,,,,,,,,,,,,,,0.002626431343,0.003187235167,0.003063577755,0.0001407671587
2016-10-31,-0.01998171246,-0.01998171246,-0.01998171246,-0.01998171246,-0.01487785782,-0.01998171246,-0.01487785782,-0.02782519621,-0.01484155901,-0.05059649837,-0.02771921801,-0.01436279831,0.0105457949,-0.03714253096,,,,,,,,,,,,,,,,,,-0.0239054152,-0.0277722336,-0.02517710678,-0.01242802664
2016-11-30,0.04861256825,0.04861256825,0.04861256825,0.04861256825,0.03820432088,0.04861256825,0.03820432088,0.01352269456,0.09412111933,0.099913819,0.03883397613,0.06819071091,0.1249939786,0.09199401591,,,,,,,,,,,,,,,,,,0.03105885894,0.02617200752,0.03364970174,0.06235554127
2016-12-31,0.01831509441,0.01831509441,0.01831509441,0.01831509441,0.01684749164,0.01831509441,0.01684749164,0.01122558952,0.01092596712,0.01042659646,0.01620742948,0.01404133447,0.03431886254,0.007917892839,,,,,,,,,,,,,,,,,,0.01476856959,0.01371526404,0.01524802988,0.02128217137
2017-01-31,0.01971497769,0.01971497769,0.01971497769,0.01971497769,0.01683606207,0.01971497769,0.01683606207,0.01711816332,0.0226112406,0.00433427439,0.02480783624,0.01261493042,0.003648676514,0.0009917865601,,,,,,,,,,,,,,,,,,0.0184159213,0.02096107736,0.02054557214,0.01349065742
2017-02-28,0.03581363541,0.03581363541,0.03581363541,0.03581363541,0.03160580892,0.03581363541,0.03160580892,0.0257073387,0.04088820681,0.01012697406,0.03899290973,0.01970096988,0.03959865665,0.02759717086,,,,,,,,,,,,,,,,,,0.03075796048,0.03234680282,0.03350202885,0.03370387718
2017-03-31,0.001916461705,0.001916461705,0.001916461705,0.001916461705,0.001916461705,0.001916461705,0.001916461705,-0.004954019913,-0.002756789003,-0.003555782061,0.006661417793,-0.007744563401,-0.02631680394,-0.01103568837,,,,,,,,,,,,,,,,,,-0.001520496725,0.0008507950807,0.001205899204,-0.009790298054
2017-04-30,0.01121568635,0.01121568635,0.01121568635,0.01121568635,0.01121568635,0.01121568635,0.01121568635,0.008129491418,0.004234400258,0.009727477535,0.0148449987,-0.001005379026,-0.009387876826,-0.01055363977,,,,,,,,,,,,,,,,,,0.009671817335,0.01148556618,0.01139557606,0.003314864655
2017-05-31,0.01121568635,0.01121568635,0.01121568635,0.01121568635,0.01121568635,0.01121568635,0.01121568635,0.02660620589,-0.0009590546214,-0.02612733596,0.02050763286,-0.003142486145,-0.01811023263,-0.02071289524,,,,,,,,,,,,,,,,,,0.01890709849,0.02355539473,0.01944043254,0.006562326274
2017-06-30,0.00841591979,0.00841591979,0.00841591979,0.00841591979,0.00841591979,0.00841591979,0.00841591979,0.001437924554,0.01012697406,0.04388443078,-0.002780637325,0.01530680576,0.04225154827,0.02455569158,,,,,,,,,,,,,,,,,,0.004925177673,-0.0006724110259,0.002355716278,0.01736016984
2017-07-31,0.0194150027,0.0194150027,0.0194150027,0.0194150027,0.0194150027,0.0194150027,0.0194150027,0.03429651408,0.01412193936,0.01092596712,0.01755186777,0.03044048292,0.02086448377,0.01094987608,,,,,,,,,,,,,,,,,,0.02685203801,0.02592000477,0.0237509475,0.0248555209
2017-08-31,0.002616403345,0.002616403345,0.002616403345,0.002616403345,0.002616403345,0.002616403345,0.002616403345,0.0127237015,-0.02393010505,-0.005653138839,0.007749963,-0.00962077952,-0.01227367114,-0.01729607279,,,,,,,,,,,,,,,,,,0.0076675256,0.01023558882,0.007694995854,0.001017712629
2017-09-30,0.02571447746,0.02571447746,0.02571447746,0.02571447746,0.02571447746,0.02571447746,0.02571447746,0.01442156175,0.0355948778,0.06905271212,0.01415728603,0.04161081597,0.04667470028,0.05783428782,,,,,,,,,,,,,,,,,,0.02006519638,0.01428935782,0.01809523618,0.02893100057
2017-10-31,0.02341466922,0.02341466922,0.02341466922,0.02341466922,0.02341466922,0.02341466922,0.02341466922,0.0420866964,-0.008849111073,0.01252395324,0.02522266292,0.01877435702,0.02810445891,0.002811526275,,,,,,,,,,,,,,,,,,0.0327460148,0.03365046365,0.03023739439,0.03119831326
2017-11-30,0.03191396056,0.03191396056,0.03191396056,0.03191396056,0.03191396056,0.03191396056,0.03191396056,0.03159991251,0.04468342384,0.02650633176,0.0442856984,0.02288863808,0.03180191412,-0.00109983956,,,,,,,,,,,,,,,,,,0.03175685802,0.03793963401,0.03593040632,0.03177187172
2017-12-31,0.01141566967,0.01141566967,0.01141566967,0.01141566967,0.01141566967,0.01141566967,0.01141566967,0.001437924554,0.03229903143,0.008129491418,0.01666024029,0.01700809496,0.01900626013,-0.002331075151,,,,,,,,,,,,,,,,,,0.006424302678,0.009045276845,0.009835144834,0.01061689078
2018-01-31,0.05681188461,0.05681188461,0.05681188461,0.05681188461,0.05681188461,0.05681188461,0.05681188461,0.0838340837,0.02510809391,0.0386909759,0.05789001453,0.05836781491,0.05184254116,0.0260235783,,,,,,,,,,,,,,,,,,0.0703162286,0.0708555631,0.06617277581,0.06415627941
2018-02-28,-0.03538042854,-0.03538042854,-0.03538042854,-0.03538042854,-0.03538042854,-0.03538042854,-0.03538042854,-0.01833715364,-0.07057132483,-0.03451676307,-0.03262216956,-0.05106046606,-0.04081874504,-0.05005138765,,,,,,,,,,,,,,,,,,-0.02686305191,-0.02548323285,-0.02878339817,-0.03151650072
2018-03-31,-0.02238151237,-0.02238151237,-0.02238151237,-0.02238151237,-0.02238151237,-0.02238151237,-0.02238151237,-0.03032204952,-0.00785036975,0.002736288274,-0.02548815015,-0.01651889749,-0.03352679161,-0.02408798513,,,,,,,,,,,,,,,,,,-0.02635376608,-0.02790630831,-0.02606532339,-0.02874557181
2018-04-30,0.004016286624,0.004016286624,0.004016286624,0.004016286624,0.004016286624,0.004016286624,0.004016286624,0.006431631169,-0.01204508331,0.008928484476,0.002470168893,0.01811963056,0.004684243855,0.001911652241,,,,,,,,,,,,,,,,,,0.00522335506,0.004449909665,0.004305320361,0.005043591357
2018-05-31,0.02791429404,0.02791429404,0.02791429404,0.02791429404,0.02791429404,0.02791429404,0.02791429404,0.03749248631,-0.005852887104,0.08932716098,0.02594935931,0.02077951926,-0.003484343317,0.03307813092,,,,,,,,,,,,,,,,,,0.03270099563,0.03171803703,0.03044969974,0.02063277063
2018-06-30,0.006216103207,0.006216103207,0.006216103207,0.006216103207,0.006216103207,0.006216103207,0.006216103207,-0.004854145781,0.02860368854,0.009427855138,0.01048482038,0.01104258734,-0.01335421969,-0.007067846133,,,,,,,,,,,,,,,,,,0.0006782111508,0.002811502558,0.003945991578,-0.004000825263
2018-07-31,0.03351382716,0.03351382716,0.03351382716,0.03351382716,0.03351382716,0.03351382716,0.03351382716,0.01591967374,0.04508292037,0.01182483431,0.03975659066,0.01803666523,0.04591201893,-0.01015930452,,,,,,,,,,,,,,,,,,0.02471235191,0.02783217297,0.02972542707,0.03177655255
2018-08-31,0.03601361873,0.03601361873,0.03601361873,0.03601361873,0.03601361873,0.03601361873,0.03601361873,0.07534478245,0.006231882904,0.06226127112,0.05005228913,0.02612328664,0.007607022721,0.03488037794,,,,,,,,,,,,,,,,,,0.0556693678,0.06269221267,0.05379638303,0.03964324476
2018-09-30,0.002016453368,0.002016453368,0.002016453368,0.002016453368,0.002016453368,0.002016453368,0.002016453368,0.005932260507,0.003235658935,-0.02602746183,0.008580615954,-0.004703833815,-0.01765742182,-0.001275516163,,,,,,,,,,,,,,,,,,0.003973377986,0.007255776142,0.005508612169,-0.003241043043
2018-10-31,-0.07467715203,-0.07467715203,-0.07467715203,-0.07467715203,-0.07467715203,-0.07467715203,-0.07467715203,-0.09404174592,-0.05768756177,-0.1203086427,-0.0749294936,-0.08477637958,-0.05545463018,-0.05057766777,,,,,,,,,,,,,,,,,,-0.08436429013,-0.08449039782,-0.08122040572,-0.07473094846
2018-11-30,0.01881505273,0.0183056452,0.01881505273,0.01881505273,0.0183056452,0.01881505273,0.01871112548,-0.002357292474,0.008329239682,0.006231882904,0.01554370678,0.01616144869,0.02203399514,0.01108781845,,,,,,,,,,,,,,,,,,0.007969010628,0.006588731904,0.01049306829,0.0126557766
2018-12-31,-0.09367556797,0.00139930035,-0.09367556797,-0.09412873019,0.001494156232,-0.09367556797,-0.07419881513,-0.08665106013,-0.09254363394,-0.1135172017,-0.08851181892,-0.09867657209,-0.1162062482,-0.1086733954,,,,,,,,,,,,,,,,,,-0.04264789248,-0.08758190471,-0.0579409664,-0.06717551999
2019-01-31,0.08570947517,0.08516662043,0.08516662043,0.0015992004,0.0694235485,0.08570947517,0.0694235485,0.0739465446,0.1586398088,0.08712993007,0.07126242755,0.09977751397,0.09074928596,0.1058417304,,,,,,,,,,,,,,,,,,0.0795537775,0.07260381505,0.07678907261,0.08328437002
2019-02-28,0.03591362707,0.0018,0.0018,0.03539567026,0.0018,0.03539567026,0.0018,0.03879085003,0.02580721283,0.05247360616,0.0402193973,0.02745772911,0.01170431088,0.04013793134,,,,,,,,,,,,,,,,,,0.0202861773,0.03950476653,0.02692837019,0.01742460059
2019-03-31,0.01281555295,0.00139930035,0.00139930035,0.0019,0.00160714665,0.0019,0.00160714665,0.02420922672,-0.0005595580922,-0.01514118141,0.0264601459,-0.006676009842,-0.01937970225,-0.04280766407,,,,,,,,,,,,,,,,,,0.01279856105,0.02533412358,0.01735090535,0.002068897288
2019-04-30,0.04171314352,0.04171314352,0.04171314352,0.0015992004,0.02526415301,0.0015992004,0.02526415301,0.02390960432,0.06196164873,0.01422181349,0.04001148417,0.04419073808,0.07294872302,0.02810470881,,,,,,,,,,,,,,,,,,0.03280692303,0.03195651877,0.0352076434,0.04618157087
2019-05-31,-0.06717777732,-0.06717777732,-0.06717777732,-0.06717777732,-0.03902347855,-0.06717777732,-0.03902347855,-0.0512956173,-0.1338915247,-0.05888605135,-0.06731067673,-0.07934065062,-0.08349091664,-0.0403047098,,,,,,,,,,,,,,,,,,-0.05924066785,-0.05930715078,-0.06193156792,-0.06732682692
2019-06-30,0.07161065071,0.07107484538,0.07161065071,0.07161065071,0.04214234519,0.07161065071,0.04242084403,0.06326001245,0.1050073997,0.07354704807,0.07459203644,0.07705700658,0.074186206,0.06838163115,,,,,,,,,,,,,,,,,,0.06716547521,0.06892319144,0.06964017066,0.06950493894
2019-07-31,0.01411544457,0.00139930035,0.01411544457,0.01360838685,0.001648789549,0.01411544457,0.008409058971,0.007030875962,0.003834903729,0.02161249928,0.0173859371,0.009204355357,0.02553053429,0.02033270594,,,,,,,,,,,,,,,,,,0.004213680262,0.01220581777,0.008602444282,0.0113155001
2019-08-31,-0.02398137897,-0.02398137897,-0.02398137897,0.001099450275,-0.01123680926,-0.02398137897,-0.01123680926,0.00083867976,-0.09284325634,-0.03501613374,-0.006735984784,-0.03810387931,-0.06663295988,-0.06363096411,,,,,,,,,,,,,,,,,,-0.01157755462,-0.002950546178,-0.009964235271,-0.02993745561
2019-09-30,0.01581530284,0.01581530284,0.01581530284,0.01581530284,0.008889864131,0.01581530284,0.008889864131,-0.002856663135,0.05497045947,-0.02103375521,0.01153338229,0.01107757273,0.05716131898,0.03404447718,,,,,,,,,,,,,,,,,,0.006474651861,0.004334762067,0.008160333775,0.0233620569
2019-10-31,0.0221147776,0.0221147776,0.0221147776,0.0221147776,0.01195445381,0.0221147776,0.01195445381,0.006331757036,0.03739261218,0.03289827623,0.02805747854,0.01144741821,0.0246339089,-0.008114908671,,,,,,,,,,,,,,,,,,0.01421932156,0.01718918636,0.01883050342,0.01768969394
2019-11-30,0.03981330192,0.03981330192,0.03981330192,0.03981330192,0.02071747571,0.03981330192,0.02071747571,0.02500821978,0.06735485187,0.03569475193,0.03643897676,0.04799015069,0.02954785586,0.02392470521,,,,,,,,,,,,,,,,,,0.03240705958,0.03072074058,0.03375058439,0.03145367357
2019-12-31,0.02901420234,0.02901420234,0.02901420234,0.02901420234,0.01683026938,0.02901420234,0.01683026938,0.02830406614,0.0389905983,0.03040142292,0.03417692184,0.0225127951,0.04117999596,0.08510039606,,,,,,,,,,,,,,,,,,0.0286589567,0.03123902578,0.0304971706,0.0328299724
2020-01-31,0.0001166117735,0.0001166117735,0.0001166117735,0.0001166117735,0.0005626709861,0.0001166117735,0.0005626709861,0.01861627531,-0.04540304349,-0.01693891579,0.01060077193,0.0175448707,-0.0448930428,-0.05114493077,,,,,,,,,,,,,,,,,,0.009361818625,0.01460651975,0.009774665914,-0.00873210957
2020-02-29,-0.08037667682,-0.08037667682,-0.08037667682,-0.08037667682,-0.05755184123,-0.08037667682,-0.05755184123,-0.0803589898,-0.05918567375,-0.07596452798,-0.07755839525,-0.08049516827,-0.109299134,-0.07510641968,,,,,,,,,,,,,,,,,,-0.08036783773,-0.07895939267,-0.07943197827,-0.09001802938
2020-03-31,-0.1325723248,-0.1330060387,-0.1325723248,-0.1325723248,-0.1085498889,-0.1325723248,-0.1082585489,-0.1139166983,-0.2477480355,-0.2294710693,-0.1026239229,-0.1726766549,-0.2730017392,-0.2748497171,,,,,,,,,,,,,,,,,,-0.1234661408,-0.1082731338,-0.1165210501,-0.1733413899
2020-04-30,0.1359052899,0,0.1353373373,0.1353373373,0,0.1359052899,0.08843186386,0.1259809675,0.1704249564,0.1828093488,0.1398607672,0.1399347363,0.1396678478,0.1398855069,,,,,,,,,,,,,,,,,,0.06295898852,0.1329173974,0.08858437362,0.08852008858
2020-05-31,0.05571197632,0.0001,0.0001,0.0001,0.0001,0.05518412033,0.0001,0.05407159227,0.03409676582,0.07144969129,0.05287211101,0.06676830519,0.03264856039,0.02331895829,,,,,,,,,,,,,,,,,,0.02707230324,0.05347155177,0.03566937402,0.02893043754
2020-06-30,0.02451457751,-0.0003998000999,-0.0003998000999,0.0001,-0.0001081715265,0.0001,-0.0001081715265,0.03429651408,0.0488781374,0.0513749907,0.04155383977,0.02778659172,0.01026191351,0.01922816742,,,,,,,,,,,,,,,,,,0.01693968291,0.03792336259,0.02514166792,0.01471301684
2020-07-31,0.05831175955,0.05831175955,0.05831175955,-0.0003998000999,0.02433820193,-0.0003998000999,0.02433820193,0.07214881022,-0.0318201615,0.04708040301,0.06075681679,0.05293608428,0.0359771697,0.007742466132,,,,,,,,,,,,,,,,,,0.06522682562,0.06644996551,0.06373632562,0.0554727458
2020-08-31,0.0762102672,0.0762102672,0.0762102672,0.0762102672,0.03289972523,0.0762102672,0.03289972523,0.09022602817,0.04947738219,0.04558229103,0.09281942106,0.0501732386,0.05258723003,0.05428177205,,,,,,,,,,,,,,,,,,0.08321464374,0.09152207627,0.08641516937,0.07300103493
2020-09-30,-0.03638034516,-0.03638034516,-0.03638034516,-0.03638034516,-0.01527420056,-0.03638034516,-0.01527420056,-0.04410467977,-0.06387975797,-0.02013488802,-0.03875360785,-0.02762225852,-0.04307880079,-0.02128440647,,,,,,,,,,,,,,,,,,-0.04024444355,-0.04143048158,-0.03974766375,-0.04118954444
2020-10-31,-0.02078164576,-0.02078164576,-0.02078164576,-0.02078164576,-0.008538412735,-0.02078164576,-0.008538412735,-0.02742569968,-0.001058928754,0.02011438729,-0.03728722051,-0.005020701428,-0.0001337431946,0.01279060702,,,,,,,,,,,,,,,,,,-0.02410533373,-0.03235892547,-0.02850111833,-0.01611902286
2020-11-30,0.1245062404,0.1245062404,0.1245062404,0.1245062404,0.05015985599,0.1245062404,0.05015985599,0.0996141966,0.2602118013,0.1781152646,0.1024943789,0.1593226361,0.1812444772,0.2158315267,,,,,,,,,,,,,,,,,,0.1120539955,0.1010535677,0.1088663937,0.1351062638
2020-12-31,0.04631276001,0.04631276001,0.04631276001,0.04631276001,0.01849054616,0.04631276001,0.01849054616,0.03919034656,0.0615621522,0.08683030767,0.03908187256,0.05621671364,0.05566794291,0.03484339339,,,,,,,,,,,,,,,,,,0.04274977268,0.03913608244,0.04152673156,0.04705414619
2021-01-31,-0.0007833131921,-0.0007833131921,-0.0007833131921,-0.0007833131921,-0.0002863153398,-0.0007833131921,-0.0002863153398,0.006431631169,0.00693100183,0.1373666186,-0.01863601296,0.008289737483,0.007785947966,0.166512882,,,,,,,,,,,,,,,,,,0.002822355252,-0.006108457808,-0.004334000589,0.004476334847
2021-02-28,0.02801428571,0.02801428571,0.02801428571,0.02801428571,0.01016699767,0.02801428571,0.01016699767,-0.004454649252,0.09521973478,0.06655585881,0.01150939231,0.05810492474,0.1103990763,0.0218268317,,,,,,,,,,,,,,,,,,0.01177170099,0.003523380521,0.01168423472,0.04463098886
2021-03-31,0.03161398557,0.03161398557,0.03161398557,0.03161398557,0.01146082263,0.03161398557,0.01146082263,-0.006052635369,0.06765447427,0.0001395608339,0.04111902144,-0.01409391065,0.07177321415,0.07097679689,,,,,,,,,,,,,,,,,,0.01277125845,0.01752140012,0.02221736407,0.03243174533
2021-04-30,0.04941250156,0.04941250156,0.04941250156,0.04941250156,0.01950018564,0.04941250156,0.01950018564,0.04728015128,0.03629399673,0.01701828919,0.05066803187,0.04726845221,0.05410159733,-0.001550901107,,,,,,,,,,,,,,,,,,0.04834579333,0.0489732446,0.04911961488,0.05026347111
2021-05-31,0.002916378333,0.002916378333,0.002916378333,0.002916378333,0.001563165216,0.002916378333,0.001563165216,-0.0154408038,-0.003156285532,0.02081350622,-0.000675516842,0.0009358099471,0.05433549961,0.08122026718,,,,,,,,,,,,,,,,,,-0.006266802031,-0.008061851645,-0.004403661046,0.01392355855
2021-06-30,0.02731434407,0.02731434407,0.02731434407,0.02731434407,0.0181904499,0.02731434407,0.0181904499,0.03140016424,0.01182483431,0.04068845855,0.0376504706,0.02274269905,-0.03998609292,0.01190997495,,,,,,,,,,,,,,,,,,0.0293562327,0.03452375484,0.0321198167,0.006227395498
2021-07-31,0.01331551127,0.01331551127,0.01331551127,0.01331551127,0.008761443521,0.01331551127,0.008761443521,-0.007450873221,0.02131287688,-0.05309335168,0.02813944429,-0.02465849678,-0.02461551473,-0.03188522745,,,,,,,,,,,,,,,,,,0.002927127428,0.01033538796,0.01132843226,-0.006256814163
2021-08-31,0.02931417732,0.02931417732,0.02931417732,0.02931417732,0.01930620629,0.02931417732,0.01930620629,0.04747989954,0.01731791159,0.02840394027,0.02556152135,0.01906323633,0.02898209224,0.01447365385,,,,,,,,,,,,,,,,,,0.038392497,0.03651523085,0.03411407895,0.03525464931
2021-09-30,-0.0440797032,-0.0440797032,-0.0440797032,-0.0440797032,-0.02940176124,-0.0440797032,-0.02940176124,-0.03391751828,-0.05209461036,-0.02063425868,-0.05898215638,-0.01945167218,-0.0009783903018,0.0008638400161,,,,,,,,,,,,,,,,,,-0.03900115129,-0.04645610349,-0.04566423341,-0.02633365287
2021-10-31,0.06621110091,0.06621110091,0.06621110091,0.06621110091,0.04700042384,0.06621110091,0.04700042384,0.07784163576,0.04088820681,0.04338506012,0.06350466874,0.04082814297,0.0630018788,0.02496527046,,,,,,,,,,,,,,,,,,0.0720234607,0.07066956801,0.06918291653,0.06901526402
2021-11-30,-0.01588205428,-0.01588205428,-0.01588205428,-0.01588205428,-0.01099150995,-0.01588205428,-0.01099150995,-0.03681386812,-0.03022217538,-0.03811223184,0.004690241349,-0.07718155269,-0.04507696596,-0.01964534127,,,,,,,,,,,,,,,,,,-0.02635319415,-0.01607218941,-0.01600883101,-0.03259653242
2021-12-31,0.03231392721,0.03231392721,0.03231392721,0.03231392721,0.02276034892,0.03231392721,0.02276034892,-0.001358551151,0.04498304624,0.01771740812,0.04718048896,-0.01061336482,0.04619390116,0.03060816287,,,,,,,,,,,,,,,,,,0.01546926991,0.02289883415,0.02603615373,0.02570740075
2022-01-31,-0.06167823586,-0.06167823586,-0.06167823586,-0.06167823586,-0.05851050963,-0.06167823586,-0.05851050963,-0.07616427624,-0.02602746183,-0.1034299144,-0.05936999434,-0.05344147128,0.05403062698,-0.02407723962,,,,,,,,,,,,,,,,,,-0.06892487756,-0.06777133386,-0.06574097774,-0.02796461768
2022-02-28,-0.02288147068,-0.02337002995,-0.02288147068,-0.02288147068,-0.02281349303,-0.02288147068,-0.02243569596,-0.01514118141,-0.01953564323,0.02161249928,-0.03508913886,0.006207607395,0.00365967192,-0.03925090008,,,,,,,,,,,,,,,,,,-0.01925766289,-0.02512014712,-0.02453696863,-0.01162227209
2022-03-31,0.0307140606,0,0.0307140606,0.03019870357,0,0.0307140606,0.02372652798,0.0451827945,-0.003555782061,0.01382231696,0.03887196026,0.01970896654,0.01976494315,0.0266248271,,,,,,,,,,,,,,,,,,0.02258010155,0.04202579967,0.02800891217,0.02164140137
2022-04-30,-0.09417552629,0,-0.09417552629,0,0,-0.09417552629,-0.07082132369,-0.09873583014,-0.1238042373,-0.07396704533,-0.07779229752,-0.1037094694,-0.06177598912,-0.08692123346,,,,,,,,,,,,,,,,,,-0.04939259903,-0.08826929972,-0.05886232346,-0.0535217744
2022-05-31,-0.0031831131,0.0003,-0.003681521544,0.0003,0.0003,-0.0031831131,-0.002697468476,-0.005153768178,-0.008849111073,0.01631917027,-0.01496254773,-0.01236863147,0.05789901077,0.09673753408,,,,,,,,,,,,,,,,,,-0.002428247531,-0.01006061015,-0.00660822434,0.01766834178
2022-06-30,-0.08347641836,0.0006,0.0006,0.0006,0.0006,-0.08393468016,0.0006,-0.07526540905,-0.1181114118,-0.1027307954,-0.06772050551,-0.1089422831,-0.1246047393,-0.1274305587,,,,,,,,,,,,,,,,,,-0.03735167088,-0.07149484351,-0.04747799218,-0.06644572392
2022-07-31,0.09640858309,0.0008,0.0008,0.0008,0.0008,0.0008,0.0008,0.08553194395,0.1425600735,0.08922728684,0.08912196585,0.09536535737,0.07852539309,0.1019646002,,,,,,,,,,,,,,,,,,0.04314478899,0.0873260574,0.05846540839,0.05493439486
2022-08-31,-0.03588038685,0.0019,0.0019,0.0019,0.0019,0.0019,0.0019,-0.01773790885,-0.04310593845,-0.002357292474,-0.04649437377,-0.00688992047,-0.01659586534,-0.003601044559,,,,,,,,,,,,,,,,,,-0.007923863901,-0.03212333042,-0.02078599985,-0.01081549515
2022-09-30,-0.09157574306,0.0019,0.0019,0.0019,0.0019,0.0019,0.0019,-0.07486591252,-0.1215071323,-0.08764980146,-0.09712721941,-0.09093280743,-0.086680584,-0.1350703668,,,,,,,,,,,,,,,,,,-0.03650214774,-0.08600213129,-0.05671724321,-0.05323387068
2022-10-31,0.08070989203,0.0023,0.0023,0.0023,0.0023,0.0023,0.0023,0.09781646222,0.07474553766,0.1315739189,0.08422401221,0.07318162571,0.1475285636,0.1414021233,,,,,,,,,,,,,,,,,,0.050034352,0.0910168391,0.0614271092,0.0825215925
2022-11-30,0.04931250989,0.0029,0.0029,0.0029,0.0029,0.0029,0.0029,0.02760494722,0.07334729981,0.01621929613,0.06817071926,0.01747589951,0.04809010892,0.04571735026,,,,,,,,,,,,,,,,,,0.01524629737,0.0478776918,0.03288012922,0.02619058593
2022-12-31,-0.06057832757,0.0027986007,0.0033,0.0033,0.003083482765,0.0033,0.0033,-0.0349162596,-0.1055272711,-0.05179498796,-0.06000572873,-0.07100113486,-0.04962206702,-0.07127377096,,,,,,,,,,,,,,,,,,-0.01606825817,-0.04746726654,-0.03071896468,-0.02725659037
2023-01-31,0.06951082579,0.06897607037,0.0035,0.00299850075,0.03176623703,0.0035,0.0035,0.001837421083,0.1821102299,0.05347234748,0.06053790825,0.09410888232,0.05254324841,0.09337993688,,,,,,,,,,,,,,,,,,0.03538996107,0.03117298954,0.04376981777,0.04110581946
2023-02-28,-0.02238151237,0.002898550725,0.0034,-0.02287032161,0.003192133765,0.0034,0.0034,-0.03761286117,-0.01613992273,-0.01643954513,-0.01842310192,-0.01743051662,-0.03781000209,-0.04179283806,,,,,,,,,,,,,,,,,,-0.01736728308,-0.02802277899,-0.01771934113,-0.02418379529
2023-03-31,0.0283142607,0.0283142607,0.0036,0.003098450775,0.0138388619,0.0036,0.0036,0.005932260507,0.07684289444,-0.04310593845,0.06485710369,0.01295478843,-0.05578949028,-0.1008626587,,,,,,,,,,,,,,,,,,0.0171176651,0.03537995089,0.03302393411,-0.007197192524
2023-04-30,0.009615819744,0.009615819744,0.0035,0.009615819744,0.006034450337,0.0035,0.0035,0.02021426143,0.003035910671,-0.01454193661,0.01972595944,-0.02460152058,0.02095844451,-0.01843759586,,,,,,,,,,,,,,,,,,0.01491239097,0.01996998836,0.01651637925,0.01692707066
2023-05-31,0.006916044847,0.006916044847,0.003098450775,0.006916044847,0.004957984739,0.0036,0.003372751928,0.02331035953,0.05077574591,0.00603213464,0.02467689095,0.01282284356,-0.06400805657,-0.06247094877,,,,,,,,,,,,,,,,,,0.01510910361,0.0239932836,0.01829730342,-0.01127813323
2023-06-30,0.06851090916,0.06851090916,0.06851090916,0.06851090916,0.03321349437,0.003498250875,0.03321349437,0.07194906196,0.109002365,0.06565699162,0.0672610993,0.05728826594,0.06151150148,0.1052874619,,,,,,,,,,,,,,,,,,0.07022912602,0.06960390864,0.0692394539,0.06732188676
2023-07-31,0.03651357705,0.03651357705,0.03651357705,0.03651357705,0.01899509004,0.03651357705,0.01899509004,0.02251136647,0.05037624938,0.04668090648,0.02521666543,0.04411177107,0.06945418303,0.07648424588,,,,,,,,,,,,,,,,,,0.02950897121,0.02386333962,0.0280777253,0.04281749958
2023-08-31,-0.01918177916,-0.01918177916,-0.01918177916,-0.01918177916,-0.006968511326,-0.01918177916,-0.006968511326,-0.01314369876,-0.05529058259,-0.04420455391,-0.007377716669,-0.03054803613,-0.05563355542,-0.003438112632,,,,,,,,,,,,,,,,,,-0.01616424848,-0.01026214921,-0.01323638066,-0.02932844907
2023-09-30,-0.04807936972,-0.04807936972,-0.04807936972,-0.04807936972,-0.02332620961,-0.04807936972,-0.02332620961,-0.05569007912,-0.04799977093,-0.0704714507,-0.05234392983,-0.04215818542,-0.03120476175,-0.01667308307,,,,,,,,,,,,,,,,,,-0.0518866271,-0.05401784101,-0.05203911236,-0.04499599908
2023-10-31,-0.02688113719,-0.02688113719,-0.02688113719,-0.02688113719,-0.01233713671,-0.02688113719,-0.01233713671,-0.02033463629,-0.04859901573,-0.07556503145,-0.02055920945,-0.02960942828,-0.04366055773,-0.03232404412,,,,,,,,,,,,,,,,,,-0.02360952337,-0.02044697901,-0.0225930908,-0.03029656655
2023-11-30,0.09310885822,0.09256230379,0.09310885822,0.09310885822,0.05855883296,0.09310885822,0.05888142505,0.1117988407,0.08033848907,0.1099012322,0.08769956013,0.1251739034,0.1219492506,0.06360787562,,,,,,,,,,,,,,,,,,0.1021757631,0.09974317562,0.09734875313,0.1087647291
2023-12-31,0.05271222643,0.00379810095,0.05271222643,0.05218587032,0.004004836228,0.05271222643,0.03616251887,0.03649374499,0.1031097912,0.1200883937,0.03629603648,0.0641533977,0.1095324384,0.09170588629,,,,,,,,,,,,,,,,,,0.02013774906,0.03639484131,0.02552205041,0.04992156444
2024-01-31,0.01191562799,0.01191562799,0.01191562799,0.004197901049,0.008914443746,0.01191562799,0.008914443746,0.02700570242,-0.03781260944,-0.02402997918,0.01847948022,0.01677119394,-0.02038228337,-0.008245354171,,,,,,,,,,,,,,,,,,0.01945689269,0.02274045976,0.01913097951,0.006170828357
2024-02-29,0.05481205135,0.05481205135,0.05481205135,0.05481205135,0.03685551015,0.05481205135,0.03685551015,0.07784163576,0.01861627531,0.07244843262,0.05257823379,0.06474415088,0.0276966293,0.04242497581,,,,,,,,,,,,,,,,,,0.06632108616,0.06520361893,0.06173860775,0.05344152098
2024-03-31,0.0326139022,0.0326139022,0.0326139022,0.0326139022,0.02375205046,0.0326139022,0.02375205046,0.02810431788,0.05067587178,0.03479588474,0.0268969634,0.02260775543,0.0803796184,0.1005764302,,,,,,,,,,,,,,,,,,0.03035798264,0.0275003388,0.02920392488,0.04702149716
2024-04-30,-0.04187988662,-0.04187988662,-0.04187988662,-0.04187988662,-0.02768589679,-0.04187988662,-0.02768589679,-0.04899851226,-0.03162041324,-0.06997208004,-0.03987314011,-0.05738282458,-0.05918107327,-0.04640016313,,,,,,,,,,,,,,,,,,-0.0454409791,-0.04443810753,-0.04358565122,-0.0500228778
2024-05-31,0.04761265162,0.04761265162,0.04761265162,0.04761265162,0.03435120155,0.04761265162,0.03435120155,0.06475812443,0.02331035953,0.04318531185,0.06561978504,0.01363350486,0.04286729101,0.05638439358,,,,,,,,,,,,,,,,,,0.05618110166,0.06518873932,0.05932628119,0.05174168499
2024-06-30,0.03201395222,0.03201395222,0.03201395222,0.03201395222,0.02178606798,0.03201395222,0.02178606798,0.05317272508,0.02830406614,-0.03172028737,0.04874883371,0.005674829989,-0.005812370669,-0.02255012765,,,,,,,,,,,,,,,,,,0.04258804896,0.05095967342,0.04464095993,0.02644734539
2024-07-31,0.01661523614,0.01661523614,0.01661523614,0.01661523614,0.0120687354,0.01661523614,0.0120687354,-0.02143325174,0.04608166169,0.1085029944,0.002855008108,0.01185824656,0.06372457686,0.02916376633,,,,,,,,,,,,,,,,,,-0.002418519922,-0.009295193882,-0.0006612621359,0.01962082407
2024-08-31,0.02071489432,0.02071489432,0.02071489432,0.02071489432,0.01526171008,0.02071489432,0.01526171008,0.0223116182,-0.01833715364,0.005832386375,0.02775660424,0.006823350138,0.02448397155,-0.0005493195672,,,,,,,,,,,,,,,,,,0.02151285708,0.02503274998,0.02359298485,0.02250283453
2024-09-30,0.02111486097,0.02111486097,0.02111486097,0.02111486097,0.01533332773,0.02111486097,0.01533332773,0.02351010779,0.02970230399,0.003535281332,0.02189505319,0.03028454807,-0.008800122389,0.003843595077,,,,,,,,,,,,,,,,,,0.02231188557,0.02270217673,0.02217289506,0.01193470155
2024-10-31,-0.006182862986,-0.006182862986,-0.006182862986,-0.006182862986,-0.003082885972,-0.006182862986,-0.003082885972,0.01142533778,-0.01743828645,0.006731253566,-0.02068615642,-0.002124911286,0.01850047145,0.01482500705,,,,,,,,,,,,,,,,,,0.002616835349,-0.004638437189,-0.005153418283,0.007909616356
2024-11-30,0.06881088415,0.06881088415,0.06881088415,0.06881088415,0.05580065265,0.06881088415,0.05580065265,0.06995157931,0.06036366261,0.1173917922,0.04531626783,0.1067905839,0.1030861316,0.1152895331,,,,,,,,,,,,,,,,,,0.06938094656,0.05762776474,0.06135422933,0.08060870839
2024-12-31,-0.02808103715,-0.02808103715,-0.02808103715,-0.02808103715,-0.02353579529,-0.02808103715,-0.02353579529,-0.03321839935,-0.06198214946,-0.09134514435,-0.01158895722,-0.05797457735,-0.06610318122,-0.06628010731,,,,,,,,,,,,,,,,,,-0.03065100259,-0.02240908565,-0.02430036696,-0.04247541779
2025-01-31,0.03161398557,0.03161398557,0.03161398557,0.03161398557,0.03051611879,0.03161398557,0.03051611879,0.04258606706,0.02430910085,0.01971489076,0.02815843636,0.06520195961,0.06090575456,0.02750096105,,,,,,,,,,,,,,,,,,0.03709728329,0.0353686448,0.03411667414,0.0450299789
2025-02-28,-0.02118161241,-0.02118161241,-0.02118161241,-0.02118161241,-0.01850337213,-0.02118161241,-0.01850337213,-0.0448037987,-0.002856663135,-0.05668882044,-0.01559628296,-0.04457817435,0.02454594565,0.01942033713,,,,,,,,,,,,,,,,,,-0.0329986111,-0.03020734271,-0.02719976799,-0.01382594152
2025-03-31,-0.06057832757,-0.06057832757,-0.06057832757,-0.06057832757,-0.05340863312,-0.06057832757,-0.05340863312,-0.0930430046,-0.0349162596,-0.08075848633,-0.06312242658,-0.06972966608,-0.03273212362,-0.01333722679,,,,,,,,,,,,,,,,,,-0.07681878226,-0.07809019574,-0.07225485128,-0.06212812699
2025-04-30,-0.004982963032,-0.00548047155,-0.004982963032,-0.004982963032,-0.004430875514,-0.004982963032,-0.004057840788,0.009427855138,-0.04330568672,-0.00525364231,-0.006707996478,0.01586357314,-0.02542017855,-0.0457719256,,,,,,,,,,,,,,,,,,0.001969964712,0.001355895367,-0.0009236536498,-0.007163685846
2025-05-31,0.06431125932,0.0038,0.06431125932,0.06377910369,0.0038,0.06431125932,0.04910368477,0.07294780328,0.04268594119,0.06985170518,0.05158864724,0.06945918095,0.03126713755,0.05832433308,,,,,,,,,,,,,,,,,,0.03835661469,0.06226288547,0.0427658239,0.035992666
2025-06-30,0.05191229313,0.002898550725,0.05191229313,0.0034,0.003014523817,0.05191229313,0.04263423987,0.03849122764,0.08922728684,0.05107536831,0.044796485,0.07932905732,0.04511335261,0.04453384473,,,,,,,,,,,,,,,,,,0.02068599101,0.04164228,0.02872014439,0.02882573172
2025-07-31,0.02311469423,0.02311469423,0.02311469423,0.002898550725,0.01853742901,0.02311469423,0.01853742901,0.002836162406,-0.007650621485,0.006132008772,0.03207979802,0.02698592623,0.0004530116598,0.03888945295,,,,,,,,,,,,,,,,,,0.01297035868,0.0174506693,0.01933804909,0.008796518296
2025-08-31,0.0221147776,0.0221147776,0.0221147776,0.0221147776,0.01736318518,0.0221147776,0.01736318518,-0.005653138839,0.05866580236,0.07214881022,0.01737294253,0.009007437629,0.06839062739,0.07421419431,,,,,,,,,,,,,,,,,,0.008223877401,0.005854145324,0.01127254999,0.02827071987
2025-09-30,0.03711352703,0.03711352703,0.03711352703,0.03711352703,0.02827694334,0.03711352703,0.02827694334,0.05267335442,-0.002257418341,0.04068845855,0.04126196172,0.0335042029,0.02804948188,-0.0132515126,,,,,,,,,,,,,,,,,,0.04488955077,0.04696480522,0.04367995092,0.03927432292
2025-10-31,0.02321468589,0.02321468589,0.02321468589,0.02321468589,0.01810019403,0.02321468589,0.01810019403,0.03439638821,0.02690582829,-0.0006594322245,0.02972578152,0.05376773682,0.01688414675,-0.01958736549,,,,,,,,,,,,,,,,,,0.02880274163,0.03205991722,0.02911031934,0.02482855207
2025-11-30,0.001616486716,0.001616486716,0.001616486716,0.001616486716,0.001987899748,0.001616486716,0.001987899748,-0.01713866405,0.02031413556,0.02301073713,0.002857007273,-0.04432727918,0.03250262136,0.04451910089,,,,,,,,,,,,,,,,,,-0.007765777456,-0.007145827308,-0.004226029002,0.005651200517
2025-12-31,-0.0002833548779,-0.0002833548779,-0.0002833548779,-0.0002833548779,0.0006482348127,-0.0002833548779,0.0006482348127,-0.004854145781,0.02440897498,-0.01134596438,-0.005832362317,0.01306574207,0.03743755955,0.01922666804,,,,,,,,,,,,,,,,,,-0.002569893027,-0.005343498603,-0.003657745414,0.01075779601
2026-01-31,0.01321551961,0.01321551961,0.01321551961,0.01321551961,0.01122362156,0.01321551961,0.01122362156,0.03469601061,-0.04390493151,0.0488781374,0.009707145291,-0.01820519296,0.02355136119,0.05096665711,,,,,,,,,,,,,,,,,,0.02395039498,0.02219533073,0.01920106191,0.02381733879
2026-02-28,-0.008982629545,-0.008982629545,-0.008982629545,-0.008982629545,-0.007270746349,-0.008982629545,-0.007270746349,-0.02013488802,-0.007950243882,0.01591967374,-0.01339620215,-0.03533003822,-0.005325574052,0.009519723596,,,,,,,,,,,,,,,,,,-0.01456154685,-0.01676722976,-0.01417322779,-0.01148391516
2026-03-31,-0.04897929468,-0.04897929468,-0.04897929468,-0.04897929468,-0.04203625392,-0.04897929468,-0.04203625392,-0.05179498796,-0.05828680656,-0.02542821703,-0.05328653601,-0.02587498853,-0.03462733181,0.004943385586,,,,,,,,,,,,,,,,,,-0.05038784525,-0.05254113487,-0.05135439765,-0.04513737366
2026-04-30,0.1023080912,0.1017569372,0.1023080912,0.1023080912,0.09099972592,0.1023080912,0.09145820322,0.1765172785,0.02950255573,0.1194891489,0.1138356405,0.1723282024,0.1368100418,0.05356232264,,,,,,,,,,,,,,,,,,0.1391184177,0.1451607891,0.130688014,0.1383487005
2026-05-31,0.05211227645,0.00259870065,0.05211227645,0.05158622031,0.002724361304,0.05211227645,0.05003854876,0.07065069824,0.0389905983,0.03359739515,0.04472351548,0.126838208,0.02770362638,-0.01517121055,,,,,,,,,,,,,,,,,,0.03660768644,0.05768062506,0.03931206292,0.03363867519
2026-06-30,-0.007882721254,-0.007882721254,-0.007882721254,0.0023988006,-0.0051900574,-0.007882721254,-0.0051900574,0.01811690465,-0.04530316936,0.07174931369,-0.03355777866,0.04261739542,0.06157547475,-0.03664548862,,,,,,,,,,,,,,,,,,0.00511059179,-0.007733355679,-0.007783162235,0.02392400641
2026-07-31,-0.002783146449,-0.002783146449,-0.002783146449,-0.002783146449,-0.001386737035,-0.002783146449,-0.001386737035,-0.05818693243,0.0841337061,-0.06537786995,0.01358352574,-0.1123588556,0.02702690911,0.08349181812,,,,,,,,,,,,,,,,,,-0.03049889039,-0.02231964596,-0.01580964818,-0.0113300141
